Number,Wins,For,Against,Ratio
2878152,1839,117540,16689,7.04296243
111035385,1729,112915,22184,5.089929679
39736309,1824,115565,22713,5.088055299
2082194,1828,116122,22918,5.06684702
10420116,1827,116186,23321,4.98203336
220129174,1821,117694,24920,4.722873194
141949606,1814,115071,24504,4.696008815
211278245,1792,112339,24899,4.511787622
188704895,1919,115609,26043,4.439158315
34991586,1826,118795,26838,4.426373053
16748215,1706,110436,25118,4.396687634
227539533,1695,112030,25768,4.347640484
33517643,1728,114056,26308,4.335411282
265559983,1765,110270,25961,4.247525134
96438897,1597,106657,25297,4.216191643
150979100,1901,114470,27330,4.188437614
129905180,1600,106470,25494,4.176276771
26189714,1783,113403,27402,4.138493541
211152761,1816,113168,27405,4.129465426
140248029,1822,119287,28891,4.12886366
52131987,1682,112585,27392,4.110141647
161168292,1817,118767,29538,4.020820638
174847421,1906,115212,28981,3.97543218
194848664,1848,120669,30400,3.969375
16614069,1657,109368,27714,3.946308725
110907359,1619,111182,28514,3.899207407
194721767,1805,118569,30526,3.884197078
51105258,1709,110486,29173,3.78726905
44444444,1688,109421,29338,3.729668007
119440339,1650,114800,31121,3.68882748
140506575,1818,121357,33287,3.645777631
106592925,1597,107613,29566,3.639755124
58153170,1648,110203,30565,3.6055292
169351084,1878,127513,35583,3.583537082
232177028,1665,107318,29975,3.580250209
208887597,1669,109774,30666,3.579664775
168544680,1800,111668,31450,3.550651828
178234127,1817,115304,32740,3.521808186
152032751,1792,117994,33679,3.503488821
176063057,1870,114222,32607,3.502990155
192893515,1870,114193,32690,3.493208932
91216722,1571,105818,30379,3.483261464
264112249,1755,106600,30628,3.480475382
259953253,1751,106451,30776,3.458896543
236891075,1744,118933,34466,3.450734057
253722587,1744,118897,34501,3.446189966
209689930,1707,106397,31011,3.430943859
154300319,1696,113334,33351,3.398218944
9172937,1754,117285,34517,3.397890894
198786021,1835,125645,37096,3.38702286
161035759,1836,125589,37113,3.383962493
14288713,1647,112991,33683,3.354540866
39586452,1704,117218,35041,3.34516709
181910070,1789,111107,33311,3.335444748
68735449,1600,109760,33133,3.312709383
73086947,1620,111016,33554,3.308577219
183916837,1819,108600,32870,3.303924551
221896527,1754,111024,33604,3.303892394
215391120,1688,110943,33695,3.292565663
164340123,1765,116502,35807,3.253609629
184326653,1858,119760,36970,3.239383284
154034749,1744,113458,35092,3.233158555
84927901,1630,113690,35330,3.217945089
119048118,1585,109160,34460,3.167730702
89844171,1599,113365,35820,3.164852038
83332114,1524,103510,32862,3.149838719
9989530,1781,120710,38354,3.147259738
200275788,1776,108943,34758,3.134328788
160897948,1710,109737,35182,3.119123415
181223085,1773,110617,35600,3.107219101
125229224,1541,108773,35156,3.094009557
257435121,1673,113543,36706,3.093308996
72951789,1543,107180,34814,3.078646522
89710585,1547,107245,34839,3.078303051
38502248,1573,108046,35209,3.068704025
51374998,1617,115396,37786,3.05393532
259450849,1619,107438,35195,3.052649524
158330093,1691,118527,38971,3.041415411
179200658,1820,110878,36643,3.025898535
143814490,1786,118323,39177,3.020215943
217443946,1704,107980,35759,3.019659386
192356457,1718,112388,37342,3.009694178
215792097,1616,111014,36972,3.002650655
3810356,1636,112476,37508,2.998720273
8222301,1561,108001,36101,2.991634581
265027143,1668,107331,35886,2.990887811
204987749,1690,114922,38759,2.965040378
55555555,1655,112913,38102,2.963440239
96173661,1527,104656,35469,2.950632947
146777933,1827,115045,39042,2.946698427
173745598,1806,125959,42755,2.946064788
146246161,1788,111220,37762,2.945288915
224062906,1658,116776,39736,2.938796054
147450331,1707,116333,39777,2.924629811
209418871,1679,105450,36471,2.891338324
35254219,1784,122121,42266,2.88934368
58689908,1509,102395,35555,2.879904374
44926423,1664,112263,39733,2.825434777
108755610,1572,104788,37118,2.823104693
109039466,1515,106035,37698,2.812748687
142329699,1701,110080,39193,2.808664813
171892981,1818,115722,41284,2.803071408
141556679,1777,126838,45563,2.783793868
237967495,1664,107860,38803,2.779681983
213641876,1676,114718,41509,2.763689802
12428832,1647,118300,42869,2.759569852
41519695,1658,124580,45417,2.743025739
1040587,1707,119037,43426,2.741145857
158884823,1866,127437,46617,2.733702297
209158620,1555,105465,38600,2.732253886
157110162,1665,110337,40441,2.728344996
137974221,1868,127272,46799,2.719545289
24757847,1662,124824,46021,2.712326981
228330993,1668,118843,43943,2.704480805
97103129,1467,106582,39578,2.692960736
198116877,1751,110664,41116,2.691506956
221509331,1622,110816,41199,2.689774024
209546849,1628,103188,38406,2.686767693
162684797,1753,108641,40486,2.68342143
159014221,1654,106085,39618,2.677697006
168677298,1724,114371,42727,2.676785171
90949384,1495,99473,37262,2.669556116
246803871,1727,107682,40397,2.66559398
174717425,1861,122392,46033,2.658788261
246124876,1735,108358,40773,2.657592034
133701391,1563,104000,39194,2.653467367
217042310,1661,112287,42530,2.6401834
134946698,1577,106158,40301,2.634128185
17814988,1679,117360,44570,2.633161319
7010660,1603,111480,42436,2.627014799
151631760,1638,113766,43315,2.626480434
57620738,1507,103867,39549,2.626286379
133138850,1635,115055,44160,2.605412138
33113205,1655,123751,47506,2.604955164
146388969,1861,127168,48850,2.603234391
216656308,1667,118343,45475,2.602374931
212705843,1663,113327,43712,2.592583272
148572530,1617,108783,42061,2.586315114
167335326,1857,125456,48577,2.582621405
202529729,1645,119409,46247,2.581983696
246266172,1725,109439,42455,2.577764692
145833439,1858,122085,47383,2.576556993
97357073,1452,107121,41630,2.573168388
41649682,1674,121818,47374,2.571410478
225928163,1527,103254,40244,2.565699235
250609570,1742,117446,45787,2.565051215
138369495,1798,124351,48590,2.559189134
184444737,1774,106723,41888,2.547817991
16346758,1603,117242,46539,2.519220439
213900726,1743,122283,48581,2.517095161
48963375,1726,116366,46439,2.505781778
113225102,1534,126216,50759,2.48657381
227135449,1492,103703,41853,2.477791317
210734699,1524,106224,42977,2.471647625
212983805,1711,110187,44616,2.469674556
114290110,1526,116285,47124,2.467638571
33384551,1549,109263,44304,2.466210726
32213634,1542,110445,44961,2.456462267
62437400,1635,122194,49917,2.447943586
114820241,1510,104285,42745,2.43970055
201051662,1701,108887,44873,2.426559401
213392786,1706,114006,46988,2.42627905
170844526,1757,120105,49857,2.408989711
179732087,1780,119574,49687,2.406544972
146517036,1773,121118,50367,2.404709433
135512005,1667,119022,49629,2.398234903
227267476,1609,119272,49833,2.39343407
44799780,1641,116387,48914,2.379421025
154435411,1671,127570,53691,2.376003427
250209380,1687,107306,45197,2.374184127
208756220,1579,115765,48857,2.369465993
204719752,1522,103354,43782,2.360650496
79457607,1567,109360,46458,2.353954109
15530939,1557,121120,51500,2.35184466
213759939,1727,122315,52387,2.334834978
94054106,1537,107497,46174,2.32808507
106880943,1585,117385,50601,2.319815814
251277704,1737,118949,51280,2.319598284
168425193,1776,123661,53342,2.318267032
192748596,1658,108311,46773,2.315673572
18770859,1607,119424,51612,2.313880493
232708283,1473,101574,43899,2.313811249
204444170,1516,104367,45183,2.309873182
114950482,1413,107292,46473,2.308695372
23844756,1588,136614,59417,2.299240958
13340421,1610,122194,53198,2.296966051
69124517,1579,117030,51043,2.29277276
208633678,1495,110956,48608,2.282669519
179337775,1798,122079,53646,2.275640309
131884724,1483,99944,43996,2.27166106
250477724,1666,114209,50327,2.269338526
157935299,1663,123543,54481,2.267634588
238370153,1585,120095,53057,2.263509056
205126328,1645,112567,49895,2.256077763
186031285,1601,124055,55332,2.242011856
168811755,1651,119772,53576,2.235553233
115080678,1603,117331,52509,2.234493135
242091750,1618,106252,47785,2.223542953
143940458,1649,117357,52903,2.218343005
256609812,1598,103934,46905,2.215840529
133423006,1464,122991,55775,2.205127745
37680577,1625,133431,60988,2.187823834
154565868,1656,127169,58326,2.180314097
217181548,1641,108110,49680,2.176127214
210486852,1580,115653,53188,2.174419042
13742076,1638,122276,56548,2.162339959
124968279,1464,101271,46963,2.156399719
194180971,1650,122233,56750,2.153885463
245339965,1566,115629,53722,2.152358438
61636075,1588,122944,57136,2.151778213
199860128,1779,127078,59061,2.15163983
7684039,1491,130881,61183,2.139172646
133842846,1405,120952,56717,2.13255285
261176537,1629,110377,51841,2.129144885
75236882,1431,103005,48485,2.124471486
226068291,1598,102768,48803,2.105772186
38764339,1400,100688,47980,2.098541059
54066153,1611,138264,66036,2.093767036
87963070,1557,131482,63020,2.086353539
152971195,1520,121162,58152,2.083539689
39048179,1465,106617,51250,2.080331707
134135222,1550,131297,63156,2.078931535
35388894,1577,120774,58201,2.075118984
63781512,1573,105139,50732,2.072439486
221649852,1582,117516,56857,2.066869515
142077409,1579,141574,68972,2.052630053
200654003,1641,105511,51533,2.047445326
221098447,1502,117863,57668,2.043819796
265698328,1459,99298,48845,2.032920463
183381009,1689,122476,60255,2.032627998
39320170,1754,117030,57691,2.028565981
239707085,1625,114060,56256,2.027517065
18504648,1571,117462,58087,2.022173636
142205704,1639,110696,54746,2.021992474
189480862,1538,106058,52506,2.019921533
262912288,1610,116645,57851,2.016300496
263054825,1688,123196,61125,2.015476483
56032859,1734,118516,58804,2.015441126
243017606,1522,107603,53416,2.014433877
71007683,1460,129451,64326,2.012421105
149921136,1667,125333,62420,2.00789811
50020742,1512,129685,64601,2.007476664
250343621,1653,121187,60441,2.005046243
227393369,1480,116263,58012,2.004119837
1546169,1538,118062,58927,2.003529791
45198962,1629,122915,61356,2.00330856
112825404,1361,100907,50471,1.999306532
175667441,1709,122119,61207,1.99518029
224319442,1491,118236,59286,1.994332557
123616252,1561,119215,60073,1.984502189
79206848,1390,122687,61838,1.984006598
173468628,1576,115581,58356,1.980618959
70858176,1386,122578,62013,1.976650057
80636370,1498,116921,59202,1.974950171
238631974,1576,99909,50612,1.974018019
75097024,1377,122461,62083,1.972536765
263716102,1596,119735,60869,1.967093266
246672938,1599,103912,52845,1.966354433
165581868,1588,135077,68710,1.96590016
1824732,1574,119018,60567,1.965063483
100162828,1417,99885,50939,1.960874772
62713957,1553,126448,64564,1.9584908
162821729,1644,120433,61515,1.957782655
81446349,1327,125594,64455,1.948553254
7419842,1522,116293,59824,1.943918829
225384009,1419,103431,53556,1.931268205
119301583,1318,99407,51545,1.928547871
240367610,1446,113406,58954,1.923635377
71700958,1445,115395,60038,1.922032713
60697672,1527,118269,61809,1.913459205
43976253,1524,118624,62057,1.911532946
150173453,1551,110994,58258,1.905214734
70589826,1441,126354,66449,1.901518458
58282357,1489,111310,58590,1.899812255
193521590,1631,116129,61142,1.899332701
27150911,1518,118151,62255,1.897855594
52269269,1547,126653,66744,1.897593791
59756773,1450,122278,64489,1.896106313
61095844,1518,123297,65149,1.892538642
23021332,1660,112315,59367,1.891875958
228199828,1337,104683,55428,1.888630295
263980890,1553,103159,54748,1.88425148
230602558,1622,128905,68492,1.882044618
148828061,1521,123587,65668,1.88199732
254509586,1555,102487,54468,1.881600206
161451397,1528,123617,65723,1.88087884
46016718,1427,131898,70210,1.878621279
169763207,1525,123577,65784,1.878526693
82947441,1418,108677,57999,1.873773686
157256087,1522,123392,66005,1.869434134
24892076,1346,100422,53796,1.866718715
36058347,1545,121084,64888,1.86604611
94314353,1371,130338,69881,1.86514217
127761770,1514,131550,70748,1.859416521
149789482,1494,110380,59397,1.858343014
120908772,1390,123308,66393,1.857243987
10280787,1413,132628,71702,1.849711305
48830609,1531,119385,64652,1.846578605
190319248,1590,117439,63722,1.842989862
98171848,1477,114460,62124,1.842444144
96969102,1418,110905,60249,1.84077744
196352550,1646,117007,63671,1.837681205
159964106,1506,112694,61331,1.837472078
84408315,1414,111280,60602,1.836243028
201183244,1589,114640,62679,1.829001739
151769325,1492,116606,63806,1.827508385
917045,1736,119096,65181,1.827158221
118496693,1485,114538,62711,1.826441932
80119295,1418,111075,60858,1.82515035
72812451,1406,113210,62170,1.820974747
248572747,1559,114664,63153,1.815654047
27977400,1371,106691,58798,1.814534508
142592271,1504,104209,57448,1.813970895
98985368,1411,113365,62580,1.811521253
180948786,1632,109891,60743,1.809113807
81305028,1462,113680,62887,1.807686803
124168666,1404,115595,64035,1.805184665
61894469,1467,118885,65860,1.805116915
31801175,1455,122368,67792,1.805050743
80760751,1285,96328,53409,1.803591155
27006844,1403,127315,70703,1.800701526
54192016,1470,133044,73972,1.798572433
263198502,1600,115317,64127,1.798259703
145694665,1517,139259,77525,1.796310867
108499734,1356,102160,57018,1.791714897
3943881,1506,139000,77626,1.790637158
40277892,1472,124024,69366,1.787965286
203339657,1463,120575,67456,1.787461456
108236178,1359,121240,67981,1.78343949
20889007,1403,140782,78958,1.782998556
169492923,1564,128826,72451,1.778112103
246535914,1578,111120,62551,1.7764704
166258354,1496,112773,63505,1.775812928
25157565,1401,140590,79200,1.775126263
73866677,1383,115083,64934,1.772307266
192483472,1614,110591,62435,1.77129815
198241221,1579,113705,64257,1.769534837
59622327,1501,114608,64776,1.769297271
248703286,1554,121993,69023,1.767425351
167466694,1465,106470,60259,1.766872998
164470748,1468,119271,67581,1.764859946
32991125,1408,131411,74481,1.76435601
191424409,1607,115045,65210,1.764223279
147577769,1451,119246,67688,1.761700745
150047540,1582,121993,69278,1.760919773
50979603,1510,136909,77935,1.756707513
236763555,1433,119531,68048,1.756568893
249528294,1460,119847,68269,1.755511286
119173104,1500,114223,65126,1.7538771
24633153,1424,130362,74395,1.752295181
260902893,1507,106954,61089,1.750789831
29184093,1482,129879,74198,1.750438017
34588073,1328,116085,66359,1.749348242
69664626,1415,110128,62965,1.749035178
171764932,1580,124915,71427,1.748848475
25533399,1388,118858,68106,1.745191319
243151779,1552,141710,81235,1.744445128
49770422,1488,129838,74441,1.744173238
103897058,1353,111462,63909,1.744073605
23982691,1457,111868,64216,1.742058054
50303448,1381,140067,80680,1.736080813
212848975,1452,113107,65189,1.735062664
113096836,1436,126286,72948,1.731178374
131755551,1429,108865,62912,1.730432986
37026556,1452,142561,82508,1.727844573
28776206,1441,129726,75153,1.726158636
23705006,1375,130126,75688,1.719242152
75374032,1308,135037,78586,1.718334054
219596772,1368,111661,65036,1.716910634
17955139,1560,126490,73728,1.715630425
196487218,1553,112327,65477,1.715518426
9312687,1407,117267,68359,1.715458096
159278009,1589,146046,85303,1.712085155
167744937,1590,146003,85375,1.710137628
70186813,1406,124593,73031,1.706028947
11111111,1248,106632,62669,1.701511114
64211903,1382,97890,57678,1.697180901
148701579,1449,122033,71964,1.695750653
132996411,1375,102981,60806,1.693599316
518307,1425,117850,69591,1.693466109
257153254,1329,95016,56247,1.689263427
20225387,1542,136732,81158,1.684763055
50165619,1325,121726,72257,1.684625711
103198309,1373,109791,65208,1.683704453
177664935,1467,115420,68594,1.68265446
19847617,1393,124857,74284,1.680806096
196066258,1536,146405,87286,1.677302202
116681864,1406,101464,60499,1.67711863
224993030,1340,101712,60680,1.676203032
112391087,1385,121504,72505,1.675801669
121040348,1355,135725,81020,1.675203653
54958027,1479,122828,73350,1.674546694
189762522,1386,112443,67153,1.674430033
60307323,1427,142914,85458,1.672330267
239978727,1464,111043,66429,1.671604269
90673887,1341,111866,66940,1.671138333
140373494,1471,121419,72726,1.669540467
81709682,1442,115060,68989,1.667802113
186298357,1459,115007,68967,1.667565647
5043148,1478,116041,69791,1.662692897
86401273,1371,109145,65759,1.659772807
94184383,1382,112643,67982,1.656953311
235434311,1492,98979,59921,1.651824903
43577038,1378,133812,81080,1.650370005
117184419,1282,132899,80652,1.647807866
131620197,1360,100966,61313,1.64673071
83878627,1302,126616,76925,1.645966851
21698451,1353,106600,64770,1.645823684
121323968,1327,127005,77314,1.642716714
205520615,1455,125885,76694,1.641393069
179465586,1483,133380,81415,1.638273046
21951873,1424,117144,71570,1.636775185
48692244,1497,124733,76256,1.635713911
24229579,1435,111112,68082,1.632031961
211786517,1408,133241,81686,1.631136302
45463282,1382,128511,78856,1.629692097
126687302,1354,105687,64900,1.628459168
129374043,1452,136088,83576,1.628314349
120397464,1281,115894,71297,1.62551019
263585721,1494,140938,86736,1.624907766
44660829,1423,130222,80156,1.624607016
251412634,1502,99641,61436,1.621866658
175266245,1470,123216,75974,1.62181799
10959372,1490,124437,76776,1.620779931
226198828,1344,93037,57721,1.611839712
71289221,1246,140674,87308,1.611238374
44512794,1478,124181,77146,1.609688124
8362903,1303,142294,88484,1.608132544
152170462,1451,125645,78152,1.607700379
82240355,1357,108552,67561,1.606725774
164615371,1376,110840,69071,1.604725572
128960431,1261,133287,83133,1.603298329
6093017,1398,114546,71497,1.602109179
62848389,1301,142195,88860,1.600213819
194988577,1394,132207,82789,1.596915049
68867488,1568,131172,82144,1.596854305
180297775,1532,144534,90521,1.596690271
139183294,1429,119937,75218,1.594525247
155108387,1530,144452,90671,1.593144445
175799989,1568,117383,73850,1.589478673
34723755,1454,124528,78432,1.587719298
233795289,1314,101544,63977,1.587195398
139065763,1442,125967,79369,1.587105797
199997463,1529,120172,75848,1.584379285
151505317,1435,140718,88835,1.584037823
83609234,1264,118524,74983,1.580678287
75896292,1407,113815,72011,1.58052242
77364340,1374,120608,76392,1.578804063
239030780,1411,147070,93347,1.575519299
28906913,1307,147364,93551,1.575226347
202795399,1494,112218,71305,1.57377463
85481462,1404,115275,73362,1.571317576
175530389,1376,137787,87720,1.570759234
158607294,1367,128638,81896,1.570748266
146110322,1440,141708,90279,1.569667365
115629974,1330,108003,68811,1.569560099
264235917,1407,145868,92953,1.569266188
66726374,1320,134038,85601,1.565846193
62292743,1295,126361,80756,1.564725841
91338929,1253,94056,60119,1.564497081
264891570,1385,100254,64270,1.559887973
259313490,1310,104076,66722,1.559845328
174030414,1380,130673,83828,1.558822828
109989708,1312,132657,85207,1.55687913
41916904,1286,141796,91303,1.553026735
152434983,1476,106941,68928,1.55148851
111992656,1338,131633,84960,1.549352637
36602801,1344,133648,86504,1.544992139
38230185,1364,121579,78787,1.543135289
8888035,1376,116777,75830,1.539984175
100546032,1227,139018,90296,1.539580934
104827894,1233,139141,90446,1.538387546
173609966,1470,128305,83403,1.538373919
128415451,1346,115638,75258,1.536554253
122664444,1331,113825,74093,1.536244989
31396087,1254,133469,86903,1.535838809
91871435,1208,109340,71196,1.535760436
213117353,1258,126833,82910,1.529767217
20606952,1226,140013,91532,1.529661758
205248102,1380,141451,92554,1.528307799
190594034,1399,121619,79605,1.527780918
242477737,1349,133042,87219,1.525378645
33245242,1337,108827,71384,1.524529306
120646626,1256,120422,79014,1.524059028
132594069,1313,119934,78771,1.522565411
11090379,1427,152464,100178,1.521930963
237441990,1422,139718,91856,1.521054694
1414737,1383,119789,79081,1.514763344
192616918,1420,146775,96901,1.514690251
93519291,1343,114343,75527,1.513935414
112679315,1196,139623,92300,1.512708559
264634774,1329,134733,89209,1.510307256
244549917,1339,120355,79751,1.509134682
188160998,1357,141664,93877,1.509038423
19285961,1369,131276,86994,1.509023611
45329583,1472,134864,89504,1.506792992
120513225,1291,123879,82272,1.505724912
45594524,1284,141241,93964,1.5031395
47349596,1300,113888,75781,1.502856917
260510614,1327,134410,89511,1.501603155
47224787,1333,129807,86779,1.495834246
74970763,1325,116852,78240,1.493507157
30358465,1303,114953,77046,1.492004776
108612570,1194,132610,88922,1.491306988
216906004,1253,95452,64010,1.491204499
11501408,1192,140337,94157,1.490457427
220966461,1272,102641,68869,1.490380287
173336973,1415,119124,79946,1.490055788
4781724,1395,124564,83608,1.48985743
143546053,1428,128535,86706,1.482423362
149366593,1453,141192,95308,1.481428631
211524446,1310,125408,84678,1.480998606
111588432,1248,108677,73384,1.480935899
194460563,1337,111318,75276,1.478798023
247348587,1372,131869,89243,1.477639703
88504793,1363,117130,79282,1.477384526
49234651,1394,114399,77503,1.476058991
216512674,1373,135632,91959,1.47491817
123487854,1364,111675,75720,1.474841521
61763753,1243,126906,86102,1.473903045
122944071,1540,103433,70185,1.473719456
87836124,1199,133350,90520,1.473155104
197033832,1403,149022,101185,1.472767703
166118733,1458,140456,95427,1.471868549
200390625,1400,134076,91098,1.471777646
226471546,1349,145063,98584,1.471465958
41090443,1172,142911,97151,1.471019341
205381342,1319,118163,80338,1.470823272
212307632,1372,135049,91847,1.470369201
161873602,1440,140498,95663,1.4686765
245072429,1354,129263,88050,1.4680636
181081913,1419,119339,81298,1.46792049
246403827,1447,118275,80605,1.467340736
19561850,1386,116955,79718,1.467109059
238892658,1367,140357,95696,1.466696623
96833372,1250,107629,73396,1.466415063
55374666,1228,119593,81648,1.464738879
212578699,1250,136653,93380,1.463407582
79068677,1216,120498,82499,1.460599522
259714144,1316,139865,95887,1.458644029
151900441,1464,138514,95070,1.456968549
171511923,1400,158431,108778,1.456461785
200787551,1410,139887,96155,1.454807342
210612722,1352,119584,82201,1.454775489
221242456,1271,121605,83602,1.454570465
164068823,1333,143100,98557,1.451951662
126950174,1223,116465,80268,1.450951811
147314244,1383,144433,99676,1.44902484
219875231,1286,110325,76168,1.448442916
143011281,1326,142911,98690,1.448079846
172418628,1379,144309,99950,1.443811906
40958130,1271,131679,91244,1.443152426
137301976,1313,120362,83412,1.442981825
138919493,1404,144400,100112,1.442384529
202920444,1325,116718,80982,1.441283248
24098636,1219,108494,75283,1.441148732
182436466,1328,131721,91475,1.439967204
222165305,1246,116430,80885,1.439451073
148300700,1306,136808,95094,1.438660694
241695821,1341,136380,94855,1.437773444
200136200,1330,106048,73853,1.435933544
97908533,1265,120626,84013,1.435801602
189217314,1405,143008,99734,1.433894158
262648911,1338,136153,95046,1.432495844
144080689,1306,123334,86103,1.432400729
250071167,1319,135268,94456,1.432074193
264499688,1325,133326,93218,1.43026025
13468522,1432,136690,95623,1.429467806
213507936,1379,139840,97867,1.428877967
131234129,1226,110329,77252,1.428170144
163369375,1395,150825,105786,1.425755771
106455361,1489,104665,73443,1.4251188
224863871,1312,134959,94810,1.423467989
261034466,1238,129902,91272,1.423240424
164203859,1282,115202,81031,1.421702805
3551105,1383,131238,92380,1.420632171
199725007,1352,147606,103988,1.419452244
45878193,1262,140122,98761,1.418798919
98041641,1173,123635,87329,1.415738185
112961413,1216,143513,101389,1.415469134
255170435,1282,128264,90655,1.41485853
255818563,1300,121591,85974,1.414276409
187096646,1406,147050,103990,1.414078277
162003040,1403,146588,103676,1.413904857
61238990,1309,131427,93177,1.410509031
150442237,1415,139571,99123,1.408058675
218530371,1300,136797,97157,1.407999424
120119225,1103,113175,80396,1.40771929
17697783,1198,111777,79409,1.407611228
245861425,1324,136673,97127,1.407157639
257834013,1234,128272,91247,1.405766765
256331863,1293,136702,97246,1.405733912
65503926,1296,130781,93165,1.403756776
171111942,1282,145675,103797,1.403460601
244246187,1297,139928,99725,1.403138631
207557641,1228,128219,91383,1.403094667
101603835,1157,120948,86268,1.40200306
214310479,1291,136571,97413,1.401979202
191273238,1370,139141,99263,1.40174083
26728150,1132,133661,95440,1.4004715
94840285,1287,124811,89130,1.400325367
83469494,1206,116167,82973,1.40005785
243700171,1269,138421,98898,1.399633966
125491640,1249,122782,87738,1.399416444
248440828,1267,139672,99877,1.398440081
171640800,1355,152016,108772,1.39756555
174569647,1395,143553,102919,1.39481534
96304839,1176,115820,83064,1.394346528
249120303,1322,124565,89347,1.394171041
201317622,1359,146223,104986,1.392785705
182176793,1324,135267,97267,1.390677208
159819052,1377,143596,103632,1.385633781
104568316,1217,140405,101451,1.383968615
233249247,1279,144470,104408,1.383706229
247888648,1235,133175,96519,1.379780147
115220254,1151,109711,79682,1.376860521
190445226,1294,122498,88978,1.376722336
240757929,1324,127097,92336,1.376462052
126810472,1109,121415,88242,1.375932096
107296562,1215,105703,76858,1.375302506
119983949,1255,110811,80609,1.374672803
224731132,1249,134362,97769,1.374280191
115754408,1282,123951,90302,1.372627406
14153601,1115,133535,97305,1.372334412
229009316,1288,142807,104227,1.370153607
254236580,1290,142787,104249,1.369672611
192222786,1275,120921,88291,1.369573343
242754048,1304,145208,106237,1.366830765
191554221,1328,139585,102161,1.366323744
110781988,1127,75161,55034,1.365719373
46560871,1321,115763,84766,1.365677276
235299540,1246,138809,101785,1.363747114
136736355,1305,144993,106354,1.363305564
26459990,1184,130059,95460,1.362445003
1284171,1484,116079,85236,1.361854146
251142037,1304,143431,105324,1.361807375
99796789,1195,101182,74427,1.359479759
43439965,1180,136260,100272,1.358903782
258630122,1176,126197,92929,1.357993737
157794403,1302,144839,106662,1.357925034
135775139,1215,132302,97512,1.356776602
169210753,1302,121596,89737,1.355026355
37289628,1204,137055,101276,1.35328212
5296032,1335,119109,88065,1.352512349
220011304,1390,111201,82289,1.351347082
153083515,1364,109869,81308,1.351269248
108375437,1094,147750,109471,1.349672516
21288837,1303,112234,83208,1.34883665
247072053,1407,101577,75328,1.348462723
63386745,1307,115438,85631,1.348086557
42890408,1195,126935,94263,1.346604712
167208813,1303,143192,106381,1.346029836
212037158,1298,134567,100017,1.345441275
258358679,1222,140464,104456,1.344719308
64335413,1166,122213,91037,1.342454167
244946766,1281,131681,98090,1.34245081
34058445,1271,126949,94586,1.34215423
182697401,1372,159522,118868,1.342009624
64595461,1506,134715,100393,1.341876426
239568771,1204,135726,101214,1.340980497
205934979,1202,135767,101256,1.340829185
258766666,1223,98435,73561,1.338141135
34456218,1252,131105,97979,1.338092857
191946531,1269,132239,98849,1.337787939
198377353,1237,112136,83853,1.337292643
17425230,1339,113460,84857,1.337072958
174304706,1360,159713,119473,1.336812502
170295031,1275,143862,107683,1.335976895
178646095,1364,142565,106850,1.334253627
231004090,1229,132210,99159,1.333313164
155380633,1180,133316,100022,1.332866769
219733888,1271,115546,86710,1.332556799
186162692,1328,163958,123068,1.332255339
262508071,1320,135750,101930,1.331796331
222020688,1309,143311,107687,1.33081059
163507496,1373,105053,78954,1.330559566
173204819,1222,125059,93994,1.330499819
57076355,1248,123559,92891,1.330150391
208095576,1207,135895,102166,1.330139185
198650265,1276,108810,81810,1.330033003
18356344,1483,135329,101792,1.32946597
46824119,1317,127949,96245,1.32940932
113889185,1202,110719,83349,1.328378265
142459961,1295,143967,108416,1.327912854
217980185,1303,140005,105478,1.327338402
173893133,1254,130140,98105,1.326537893
72261092,1283,112864,85274,1.323545278
126025008,1201,108088,81721,1.322646566
24497070,1112,125372,95015,1.319496922
163104527,1214,160309,121550,1.318872892
184978631,1278,145387,110294,1.318176873
176581367,1261,148293,112573,1.317305215
234076111,1186,139869,106181,1.317269568
27692820,1311,117881,89592,1.315753639
155652252,1214,134642,102460,1.314093305
63939113,1158,117616,89542,1.313528847
101346984,1182,122342,93161,1.313231932
84139692,1176,102042,77759,1.312285395
56287027,1253,117741,89728,1.312199091
97229412,1270,97055,74011,1.311359122
186809026,1254,137606,104965,1.310970323
254640617,1257,97839,74760,1.308707865
82667143,1141,126116,96417,1.308026593
174983668,1253,148020,113438,1.304853753
105099246,1201,124998,95897,1.303461005
256741175,1260,85865,65921,1.302543954
13073195,1246,113231,86963,1.302059497
23555157,1293,133071,102243,1.301516974
126154490,1217,112405,86405,1.300908512
215113887,1263,87161,67024,1.300444617
66998799,1191,132369,101802,1.300259327
121595681,1139,117320,90232,1.300203919
197590337,1254,142350,109540,1.299525288
145045077,1280,145562,112147,1.297957146
179596117,1247,144417,111310,1.297430599
135239014,1271,117183,90347,1.297032552
12560927,1196,132212,101948,1.296857221
192078065,1168,128711,99280,1.2964444
69933661,1289,142407,109887,1.295940375
92007587,1104,121264,93625,1.295209613
74554431,1169,103993,80326,1.294636855
102649130,1291,129533,100149,1.29340283
6482860,1268,124457,96496,1.289763306
199446503,1219,133649,103675,1.289115023
235157809,1182,133221,103477,1.287445519
86925054,1190,109030,84702,1.28721872
100041253,1110,92607,72018,1.285886862
148429421,1283,162790,126727,1.284572348
182040191,1285,162296,126376,1.284231183
129637235,1165,109411,85227,1.283759841
32729547,1200,113621,88525,1.283490539
206069061,1223,91263,71116,1.283297711
175933519,1281,130634,101837,1.282775416
125354023,1103,118266,92197,1.282753235
64464325,1106,127272,99236,1.282518441
267971233,1308,133532,104261,1.280747355
153500920,1213,144049,112619,1.27908257
52674337,1208,119740,93654,1.278535887
234613568,1172,113985,89171,1.278274327
59229459,1299,116403,91102,1.277721675
134674460,1221,146950,115186,1.275762679
182975515,1211,146266,114751,1.27463813
228073172,1207,118060,92630,1.274533089
223920470,1201,118062,92640,1.274417098
195522049,1211,146224,114758,1.274194392
237697673,1243,149262,117270,1.272806344
169631810,1262,138718,109137,1.27104465
139746118,1157,115884,91174,1.271020247
35529356,1328,123918,97549,1.270315431
169078058,1195,141557,111755,1.266672632
30619597,1072,128316,101376,1.265743371
248020536,1280,96090,75917,1.26572441
41379348,1225,112057,88597,1.264794519
147055755,1142,138583,109683,1.263486593
54309336,1186,141991,112422,1.263017915
168948230,1304,153414,121544,1.26220957
254111578,1163,134735,106868,1.260760939
199584660,1175,133676,106095,1.259965126
200919262,1303,155664,123547,1.259957749
193405286,1193,146425,116521,1.256640434
249262953,1127,126365,100641,1.255601594
35119363,1241,121762,97098,1.254011411
161723807,1189,140176,111820,1.253586121
37154561,1008,140814,112410,1.252682146
31252192,1178,106603,85109,1.252546734
166523151,1144,115115,91983,1.251481252
252901592,1107,127736,102093,1.25117295
256880370,1142,119226,95305,1.250994177
172549770,1210,152258,121841,1.249645029
260368724,1179,134260,107459,1.24940675
144352129,1374,136819,109509,1.249385895
145177730,1272,148387,118869,1.248323785
143416707,1175,128033,102617,1.24767826
171380841,1244,147471,118198,1.247660705
73214399,1134,111053,89057,1.246987884
268114388,1253,136092,109139,1.246960298
174438282,1159,134877,108174,1.246852294
262774776,1204,143700,115331,1.245978965
66473179,1200,99242,79702,1.245163233
181373198,1255,120230,96621,1.244346467
209959400,1163,139108,111879,1.243379008
247211764,1202,144727,116669,1.240492333
251567797,1178,136125,109847,1.239223647
233111513,1146,142158,114719,1.239184442
184704554,1219,142087,114684,1.238943532
265419062,1311,98751,79714,1.238816268
190734155,1110,91157,73594,1.238647172
156417403,1107,99742,80547,1.238308069
17550689,1248,124189,100355,1.237496886
195394488,1161,147820,119466,1.237339494
25023694,1065,91352,73887,1.236374464
207414972,1308,102530,82981,1.235584049
74691286,1131,121276,98181,1.235228812
165167692,1297,140206,113554,1.234707716
60559389,1355,137026,110984,1.234646436
211663735,1262,119798,97089,1.233898794
102386411,1191,120204,97483,1.233076536
152574475,1248,138957,112762,1.232303436
26861603,1224,123841,100502,1.232224234
220825076,1175,135392,109917,1.231765787
210359484,1227,122557,99518,1.231505858
131099578,1119,89214,72507,1.230419132
201592663,1157,137638,111938,1.229591381
54689778,1244,116823,95098,1.228448548
241564617,1125,142084,115687,1.228176027
182301390,1223,145340,118380,1.227741172
156818973,1243,138689,112984,1.22751009
103348908,1136,130544,106360,1.227378714
168170356,1161,139849,114166,1.224961898
138238979,1230,153207,125124,1.224441354
152709167,1214,126438,103475,1.221918338
156962856,1295,107188,87832,1.220375262
45060103,1097,128869,105614,1.220188611
1689125,1217,123670,101362,1.220082477
150576346,1276,134067,109884,1.220077536
6741636,1171,117504,96333,1.219768927
220682263,1106,137979,113278,1.218056463
46952292,1200,102193,83958,1.217191929
48557226,1142,121343,99719,1.216849347
212168641,1121,141117,115978,1.216756626
196626028,1205,156364,128516,1.216688973
125755931,1099,125938,103522,1.216533684
74408210,1400,106053,87206,1.21612045
109445987,1178,107039,88053,1.215620138
100418898,1109,91447,75347,1.21367805
262370086,1136,135149,111451,1.21263156
238506330,1187,129731,107044,1.211940884
203892481,1092,139051,114991,1.209233766
13213977,1194,124341,102840,1.209072345
180159667,1304,130530,107993,1.208689452
222293250,1206,127309,105333,1.208633572
227006064,1113,137164,113598,1.207450835
260632618,1188,131845,109289,1.206388566
18084720,1237,115333,95699,1.205164108
180014048,1230,154193,128190,1.202847336
180692900,1168,140878,117145,1.202595074
60166802,1025,135278,112490,1.202578007
47478552,1044,123308,102573,1.202148714
229276619,1085,107356,89379,1.201132257
154710043,1216,153652,127934,1.201025529
222558034,1139,127857,106459,1.200997567
42195101,1170,127170,105919,1.200634447
39189548,1378,103740,86551,1.19859967
201726702,1101,139094,116239,1.196620756
31000400,1141,128920,107767,1.196284577
245598862,1155,131510,109940,1.196197926
12298793,1149,133771,111858,1.195900159
91745024,1080,127605,106725,1.195643008
184057475,1172,153648,128547,1.195267101
240113875,1125,112438,94095,1.194941283
214167862,1151,139565,116836,1.194537643
4638885,1168,116444,97525,1.193991284
128823525,1173,132445,110929,1.193961904
103479156,1002,137559,115227,1.193808743
204576628,1173,135893,113899,1.193100905
178098371,1249,152177,127568,1.19290888
205789025,1085,128262,107529,1.192813102
25794158,1314,121628,101993,1.192513212
158193199,1074,122821,103012,1.192297985
12161085,1156,133780,112252,1.191782774
110115120,1102,114193,95906,1.190676287
59359572,1097,116215,97613,1.190568879
239843883,1173,124237,104359,1.190477103
242883338,1200,118244,99396,1.189625337
101092893,1207,104620,87965,1.189336668
150844172,1292,113070,95154,1.188284255
118234894,1034,115424,97190,1.187611894
259187012,1031,116071,97859,1.186104497
170031096,1117,148106,124879,1.185996044
179861236,1150,158676,133809,1.185839518
251003713,1057,128356,108268,1.185539587
215655687,1308,110184,93064,1.183959426
120252785,966,131872,111398,1.18379145
91465453,1113,106317,89828,1.183561918
231136313,1116,132287,111790,1.183352715
150708361,1167,126006,106487,1.18329937
199052838,1220,131321,111036,1.182688497
47094785,1039,139038,117576,1.182537253
144213326,1154,137041,115934,1.182060483
223385765,1155,95992,81279,1.181018467
36469202,1175,134606,114038,1.180360932
96040116,1031,116408,98686,1.179579677
195929263,1219,137460,116561,1.179296677
63257718,1175,111337,94493,1.17825659
166655141,1067,110056,93415,1.178140556
144898323,1108,139592,118545,1.177544392
203209072,1185,119636,101654,1.17689417
193921301,1181,128919,109627,1.175978545
29047375,1123,110328,93904,1.174902028
14841609,1163,125067,106449,1.174900657
18642667,1150,111786,95372,1.17210502
137705167,1162,114518,97924,1.169457947
266754808,1072,134563,115217,1.16790925
229928928,1083,116239,99626,1.166753659
783046,1110,73354,62890,1.166385753
59485849,1129,100979,86658,1.165258834
104437389,1060,133339,114454,1.165000786
117053744,1065,125121,107416,1.164826469
92685835,1186,103190,88782,1.162285148
76708086,1109,118585,102074,1.161755197
130453173,1146,102993,88779,1.16010543
226334214,1106,98321,84764,1.159938181
234341104,1152,125064,107957,1.158461239
187366008,1144,146834,127007,1.156109506
222693238,1074,133542,115546,1.155747495
261812539,1099,132912,115001,1.155746472
221774680,1201,115484,100062,1.154124443
65918368,1143,121965,105690,1.153988078
116810076,1020,100684,87253,1.15393167
158464600,1057,132327,114876,1.151911626
20481793,1105,128555,111604,1.151885237
207285887,1110,103076,89562,1.150889886
198919797,1067,137052,119243,1.149350486
37563265,1062,145394,126502,1.149341512
190997039,1146,141512,123140,1.149196037
77242686,1121,116807,101733,1.148172176
261692619,1101,108109,94290,1.14655849
122543192,1039,112191,97855,1.146502478
149646665,1105,120209,104971,1.145163902
5692173,1100,74742,65315,1.144331317
104693011,1057,126537,110630,1.143785592
207828911,1081,144596,126426,1.143720437
261301871,1179,131815,115292,1.143314367
93791572,1049,155408,136066,1.142151603
209021674,1186,100045,87644,1.141492857
181646992,1176,135580,118912,1.140170883
57205903,1009,143232,125636,1.140055398
84663377,1374,109028,95689,1.139399513
132026175,944,103375,90736,1.139294216
126288606,1108,102877,90305,1.139217098
141812046,1081,129619,113928,1.137727337
105622265,1114,156729,137790,1.137448291
236500501,1167,121824,107136,1.137096774
64864323,924,80011,70441,1.135858378
162404350,1072,129443,114011,1.13535536
9847886,1079,132554,116782,1.13505506
93657150,1073,105776,93198,1.134959978
117841144,1171,103070,90821,1.134869689
215526937,1164,121704,107313,1.134103044
117700874,1109,104274,92027,1.133080509
235707769,1057,137247,121158,1.132793542
139995407,1122,135318,119473,1.132624108
249933327,1057,138152,121987,1.13251412
43040284,1173,140738,124343,1.131853019
176441100,1002,150559,133131,1.130908654
225650585,1044,122283,108151,1.130669157
128693925,1036,126530,111986,1.129873377
96701904,1010,115995,102714,1.129300777
186548999,1140,117159,103786,1.128851676
116275390,1075,133846,118598,1.128568779
98842376,1097,109843,97351,1.128319175
93924377,1077,104725,92837,1.128052393
92145452,1088,102758,91122,1.127696934
85350478,1189,100257,88999,1.126495803
232974026,1041,133177,118268,1.126061149
102921614,1121,110106,97810,1.125713117
141420292,1090,125525,111544,1.125340673
254765294,1019,123471,109771,1.124805276
177135299,1103,138076,122918,1.123317984
202664179,1104,114168,101635,1.123313819
8619001,1102,134793,120022,1.123069104
268252648,1160,138399,123233,1.123067685
29829491,1130,109694,97692,1.122855505
149514686,1145,121084,107875,1.122447277
27567727,1195,121276,108177,1.121088586
49489541,1035,160919,143546,1.121027406
184834465,1071,145896,130204,1.120518571
166389555,1028,119096,106293,1.120450077
231271981,1041,104576,93389,1.119789269
195794056,1013,135806,121303,1.11956011
266218125,1042,120041,107352,1.11819994
11892762,1163,158407,141848,1.116737635
229404292,1056,119228,106790,1.11647158
112123147,975,150226,134624,1.115893154
262099144,1000,129527,116315,1.113588101
78026943,1108,113896,102283,1.113537929
245206685,1087,120033,107827,1.113199848
74262472,1255,106213,95421,1.113098794
116931286,995,119468,107358,1.112800164
102133307,1118,116952,105236,1.111330723
148005710,1063,144164,129754,1.111056307
180817702,1156,128131,115378,1.110532337
149224544,1077,142566,128380,1.110500078
133270685,1114,92117,82965,1.110311577
110631526,1064,104975,94628,1.109343957
185781764,1023,131656,118700,1.109149115
230198001,1191,92757,83745,1.107612395
131494760,891,128198,115792,1.10714039
210867849,1029,139366,125992,1.106149597
102524553,1045,117421,106168,1.105992389
39453204,948,96022,86909,1.104856804
193157283,1103,142012,128644,1.103914679
78686065,1125,118679,107527,1.103713486
64716395,1022,74448,67466,1.103489165
15124523,1033,127664,115866,1.101824521
66596689,1038,139170,126336,1.101586246
136062203,1130,157592,143246,1.100149393
104295939,1009,127217,115713,1.099418389
224589441,965,129705,117999,1.099204231
5173580,1089,106009,96625,1.097117723
253978093,1010,137278,125198,1.096487164
255560193,1126,134342,122566,1.096078847
255439726,1168,113057,103231,1.095184586
47616281,939,131169,119869,1.094269578
81982193,1113,116470,106442,1.094210932
31669430,1074,122273,112029,1.091440609
3683050,1068,141927,130085,1.091032786
68610293,1089,112310,102954,1.090875537
152834668,1101,129618,118889,1.090243841
123078291,1106,103344,94808,1.090034596
45749933,995,136140,124938,1.089660472
56957907,1027,122036,112023,1.08938343
127070781,991,122232,112394,1.087531363
209289246,1097,111079,102185,1.087038215
87565475,972,107168,98593,1.08697372
258498221,1057,128285,118061,1.0865993
4084425,1103,115624,106417,1.086518132
165026865,1094,118185,108914,1.085122207
20748971,986,114189,105246,1.08497235
227941190,1028,117720,108514,1.08483698
154980636,979,153141,141209,1.084498863
224196199,1044,95661,88217,1.084382829
649228,1385,127714,117779,1.084352898
63520611,1072,105033,96866,1.084312349
58951568,1075,112010,103447,1.082776688
138781579,951,141042,130288,1.082540219
10130018,1049,126073,116533,1.081865223
21428269,1160,124752,115322,1.081771041
134410926,1030,134764,124599,1.081581714
150310467,1031,137144,126880,1.080895334
57888525,1025,105001,97174,1.080546237
48019314,985,106666,98732,1.080358952
17295420,1157,116954,108309,1.079817928
22760872,898,82761,76755,1.078248974
147184156,1025,141232,131158,1.076808125
113763005,1087,115468,107275,1.076373806
77777777,1066,112662,104817,1.074844729
116548462,987,122749,114205,1.074812837
110511196,1018,127488,118758,1.073510837
157524337,1009,131331,122600,1.071215334
127888630,853,142601,133185,1.070698652
69528359,1025,136588,127689,1.069692769
236107332,1079,137524,128788,1.067832407
146645366,997,159375,149310,1.067410086
265156098,933,123795,115978,1.067400714
64996898,1068,73477,68880,1.066739257
264764958,1009,123653,116011,1.065873064
210219135,1006,124421,116825,1.06502033
9039993,1341,126064,118499,1.063840201
34851564,1099,128408,120718,1.063702182
254369569,1030,112949,106210,1.063449769
236635175,1079,128112,120478,1.063364266
258903914,956,112570,105865,1.06333538
76150115,914,137879,129985,1.060730084
244812363,1099,106750,100651,1.060595523
137443048,1096,126287,119209,1.059374712
16474496,998,119243,112817,1.056959501
234757252,1052,106187,100577,1.05577816
252103473,1067,134084,127091,1.055023566
14010632,1052,84141,79778,1.054689263
232570183,1003,102172,96896,1.054450132
190176864,1032,125998,119610,1.053406906
55776992,1112,102104,96940,1.053270064
61502498,894,127257,120936,1.052267315
71148128,1066,118359,112485,1.052220296
194045544,969,154936,147397,1.051147581
202128635,1025,127242,121108,1.050649007
46291448,1027,116321,110768,1.050131807
80910011,958,133529,127222,1.049574759
78301055,1120,115893,110642,1.047459373
84534552,1025,114150,109012,1.047132426
95244255,949,120846,115571,1.045642938
26328068,1081,143126,136898,1.045493725
265952017,1093,118169,113067,1.045123688
210090683,1050,138769,132788,1.045041721
249791824,992,133842,128089,1.044914083
34324000,1074,114532,109716,1.043895147
3288671,1118,128368,123000,1.043642276
167069187,1037,145428,139466,1.04274877
191815032,1081,129212,124112,1.041091917
5433486,1043,113538,109103,1.040649661
140897426,1035,131642,126503,1.040623543
81183896,995,96105,92481,1.039186427
36199891,1005,136925,131772,1.039105425
79848824,1077,103416,99527,1.039074824
31132288,1010,115752,111444,1.038656186
49887936,974,150487,144968,1.038070471
1951445,965,70435,67917,1.037074665
195660402,975,161085,155564,1.035490216
226744446,929,131919,127414,1.035357182
183523467,947,158767,153567,1.033861442
127345184,969,109147,105652,1.033080301
139603904,1058,149095,144378,1.032671183
95907442,940,102332,99097,1.032644782
124843880,1082,105372,102047,1.032583025
16212584,938,128586,124604,1.031957241
246936830,968,152080,147420,1.031610365
62022737,1030,138450,134232,1.031423208
43715953,941,173964,168811,1.030525262
160625366,927,128275,124538,1.030006906
105374425,941,115080,111877,1.028629656
61367510,1015,130867,127266,1.028295067
12950814,991,108781,106203,1.024274267
161318146,1010,155148,151760,1.022324723
53505411,994,136989,134216,1.020660726
170151623,898,163137,159847,1.020582182
240900211,998,103987,101991,1.019570354
147718806,1059,107721,105879,1.017397218
52405853,1014,72993,71779,1.016913025
223508273,985,94723,93187,1.016482986
28383381,1033,123128,121292,1.015137025
8079510,1062,103673,102180,1.01461147
228474509,1003,106755,105465,1.012231546
248978722,978,100840,99798,1.010441091
38634235,1002,131389,130115,1.009791338
30224257,923,118584,117456,1.009603596
265284897,947,111683,110631,1.009509089
196757718,1018,143165,141924,1.008744117
41775413,911,111744,110780,1.008701932
189086872,973,131419,130355,1.008162326
132859842,1018,99147,98347,1.008134463
183101791,1075,125019,124026,1.008006386
31922924,1104,100021,99433,1.00591353
240616459,916,116356,115684,1.005808928
253170419,956,132450,131755,1.005274942
188288301,1140,115018,114458,1.004892624
78547689,1036,107092,106639,1.004247977
236374026,869,125621,125140,1.003843695
179060008,907,158739,158234,1.003191476
23294192,1067,107366,107132,1.002184221
238756451,1074,129178,128928,1.001939067
217584769,1010,115832,115640,1.001660325
136196332,981,114655,114754,0.999137285
121458830,875,128211,128350,0.998917024
160230489,1043,111934,112155,0.998029513
229532000,930,126770,127102,0.997387925
38360802,1000,104030,104425,0.996217381
4912235,951,111844,112323,0.995735513
266091776,1011,117477,118038,0.995247293
118356776,1026,122975,123613,0.994838731
186420052,921,133844,134881,0.992311741
77108558,884,144069,145191,0.992272248
9577556,807,183732,185175,0.992207371
263452078,1001,131362,132429,0.991942852
154848169,1017,123319,124340,0.991788644
255038213,912,132867,134038,0.991263671
218380978,992,122456,123914,0.988233775
57755451,979,119053,120545,0.987622879
3149770,1123,136082,138216,0.984560398
106191024,952,99850,101532,0.983433794
54827959,918,113818,115787,0.982994637
2488711,914,126938,129207,0.982439032
226863440,1002,122243,124866,0.978993481
115893245,980,120007,122767,0.977518388
182831492,1100,135542,138665,0.977478095
97489112,1067,95780,98022,0.977127584
11757246,1046,106345,108913,0.976421547
189891390,924,156343,160354,0.974986592
22891403,939,101515,104260,0.97367159
167600385,996,142174,146086,0.973221253
130700832,921,107074,110040,0.973046165
243424559,866,154217,158731,0.971561951
188435897,1021,122285,126122,0.969577076
121860472,1002,101624,105068,0.967221228
103760130,959,112344,116174,0.96703221
105775177,996,105585,109211,0.966798216
65778306,1014,111786,115888,0.964603755
188567210,984,96546,100091,0.96458223
22492982,981,92751,96181,0.964338071
178494645,894,152540,158297,0.963631654
0,1019,117741,122208,0.963447565
83743806,974,101325,105257,0.962643815
42334886,1010,114828,119299,0.962522737
68483594,1327,101617,105603,0.96225486
53253881,808,128939,134180,0.960940528
28247766,1009,110879,115407,0.960764945
65251998,926,118467,123471,0.959472265
135917734,1031,79958,83362,0.959166047
221387222,988,116427,121476,0.958436234
48140397,783,70284,73357,0.958108974
229138935,995,115343,120677,0.955799365
145303383,856,130561,136645,0.955475868
160363288,1077,105710,110677,0.95512166
213258892,874,142345,149187,0.954138095
132458104,1017,102885,107904,0.953486432
18221863,1129,112762,118551,0.951168695
134804214,1042,115870,121824,0.951126215
7554731,898,114570,120462,0.95108831
42757180,1019,129971,136686,0.950872803
6228771,893,111671,117771,0.948204566
66859157,892,126746,133786,0.947378649
34180621,953,126784,133969,0.94636819
139330784,914,131215,138699,0.946041428
90402934,966,99833,105695,0.944538531
255688768,1034,106233,112500,0.944293333
121992066,1043,99418,105335,0.943826838
127489367,964,145891,154592,0.943716363
90130742,914,89225,94698,0.942205749
180569807,829,151077,160367,0.942070376
187906825,932,130759,138852,0.941714919
108899187,855,134195,142740,0.940135911
120776103,874,77618,82631,0.939332696
122119533,966,93965,100092,0.938786317
255308444,820,118334,126372,0.936394138
202261023,923,103505,110691,0.93508054
190040166,860,116736,124844,0.935054949
200524691,1044,117900,126122,0.934809153
95379600,820,84876,91038,0.932313979
7280333,951,101671,109069,0.932171378
176316702,872,144044,154823,0.930378561
21160157,925,112752,121198,0.930312381
105490961,867,103090,110945,0.929199153
22222222,962,138418,148991,0.929035982
111860748,819,153122,164908,0.928529847
172925444,876,147706,159129,0.928215473
137851460,1075,115675,124691,0.927693258
99999999,776,167370,180465,0.927437453
60434454,939,77537,83757,0.92573755
143142329,832,168902,182512,0.925429561
101727056,790,143045,154685,0.924750299
103623219,768,164153,177522,0.924691024
44379577,681,178173,192733,0.924455075
178917518,744,167128,181010,0.923308105
21559483,995,98451,106674,0.922914675
91610650,948,103056,111695,0.922655446
44247974,647,180348,195545,0.922283873
129509218,908,106388,115418,0.921762637
133997095,834,108915,118240,0.92113498
230066937,869,102467,111398,0.919828004
12023075,827,153008,166416,0.919430824
187767397,875,140827,153220,0.919116303
88888888,800,155066,168867,0.91827296
16071209,877,127908,139650,0.915918367
56825614,938,106609,116463,0.915389437
65645307,853,118337,129534,0.913559374
257299245,822,106140,116201,0.913417268
140755274,814,141078,154572,0.912700877
147857609,764,156461,171462,0.912511227
228744565,793,149143,163669,0.911247701
177259467,739,157223,172689,0.910440155
58551455,893,103567,113786,0.91019106
170708814,931,126208,138741,0.909666213
106739918,837,129717,142988,0.907188016
151373602,830,141430,155972,0.906765317
84280425,1002,90750,100138,0.906249376
85740081,806,103244,114286,0.903382742
214973302,899,117338,130044,0.902294608
32346202,901,119340,132312,0.901959006
129765555,877,115152,127863,0.900588912
145974376,775,157145,174858,0.89870066
165705044,706,164303,182828,0.898675258
101479215,858,116078,129195,0.898471303
261567468,837,121460,135269,0.897914526
195115354,702,163982,182681,0.897641243
199320792,702,163892,182586,0.89761537
180424916,702,163946,182679,0.897454004
134278465,702,163958,182710,0.897367413
172014532,702,163729,182481,0.897238617
3411669,889,118333,131890,0.897209796
163651274,700,163807,182631,0.89692878
229798991,751,145248,162058,0.896271705
47752336,707,163639,182688,0.895729331
99670304,806,99502,111238,0.894496485
176999249,725,160348,179269,0.894454702
157666525,951,118677,132698,0.894339025
116140653,750,156425,174932,0.894204605
176861102,704,165043,184596,0.894076795
113493432,871,107255,120002,0.89377677
78428230,854,141962,158846,0.893708372
227671895,987,90321,101079,0.893568397
138644813,810,137993,154452,0.893436148
193025834,703,164877,184576,0.893274315
143688891,703,165032,184776,0.893146296
188829244,702,164749,184561,0.892653377
151112229,702,164744,184559,0.892635959
182565430,703,164882,184716,0.892624353
159401150,703,164910,184794,0.892399104
102262914,885,103676,116236,0.891943976
153213498,700,164610,184615,0.891639358
167887010,700,164612,184799,0.890762396
157394217,701,164433,184748,0.890039405
25663707,994,92452,103906,0.88976575
193648735,769,141919,159587,0.889289228
11366931,772,143119,160996,0.888959974
234474815,967,98492,111088,0.886612415
114143402,782,135325,152694,0.886249623
84792546,966,94397,106551,0.885932558
140124977,882,117035,132427,0.883769926
228873726,685,160014,181442,0.881901655
136460759,692,159798,181225,0.881765761
68069322,858,120832,137233,0.880487929
82111060,922,107142,121755,0.879980288
51234081,883,122717,139538,0.879452192
149106177,755,146396,166573,0.878869925
196891958,788,147419,167745,0.878827983
172142007,704,159925,181991,0.878752246
184197991,804,142463,162382,0.877332463
203063968,889,131693,150121,0.877245688
245992318,810,130991,149326,0.877214953
26047870,669,163209,186194,0.876553487
170579460,766,139904,159625,0.87645419
235843393,769,135984,155226,0.876038808
177950059,765,155616,177731,0.875570384
168035764,662,159213,181862,0.875460514
207148564,893,100007,114285,0.875066719
160498972,692,159319,182647,0.87227822
129248774,844,108387,124496,0.870606285
195253686,694,158199,181939,0.869516706
82802145,815,113508,130716,0.868355825
186670320,664,159633,183864,0.868212374
138510440,665,159501,183748,0.868042101
176721788,663,159521,183788,0.867962
155239402,664,159491,183757,0.867945167
184579047,664,159539,183819,0.867913545
169897853,664,159457,183740,0.867840427
174163943,664,159428,183736,0.867701485
161592938,663,159300,183593,0.86768014
136332263,663,159330,183633,0.867654507
146916730,663,159330,183641,0.867616709
40152715,664,161579,186240,0.867584837
40831135,782,110357,127202,0.867572837
178363501,663,159264,183650,0.867214811
256069435,784,114009,131487,0.867074312
70323735,939,97832,112836,0.867028253
168297353,688,159472,184024,0.86658262
177812231,784,137847,159151,0.866139704
267576600,876,93572,108108,0.865541866
187640747,954,109040,126015,0.865293814
38090820,855,114982,132936,0.864942529
88240643,973,93365,108113,0.863587173
9450668,664,161227,186733,0.863409253
19152527,743,133295,154447,0.86304687
136597916,667,151815,175975,0.862707771
144763155,685,157905,183209,0.861884514
178783496,685,157899,183215,0.861823541
148972188,685,158006,183363,0.861711469
177525967,665,157471,182744,0.86170271
112528525,694,150765,174978,0.861622604
140629638,685,157878,183246,0.861563145
176184601,683,158093,183515,0.861471814
144624890,818,123276,143149,0.861172624
190865048,682,157733,183169,0.861133707
197165960,684,157694,183189,0.860826796
142731419,684,157694,183209,0.860732824
123212559,862,82652,96057,0.860447443
26596477,647,160934,187190,0.859736097
196211924,695,154780,180034,0.859726496
162541802,681,150106,174689,0.859275627
87446480,797,105251,122631,0.858274009
79590740,726,130479,152050,0.858132193
241039146,821,74746,87506,0.854181428
202404464,847,104979,123480,0.850170068
94694071,873,107475,126482,0.849725653
144486117,758,133420,157087,0.849338265
137164151,884,125635,148076,0.848449445
19965517,764,135605,159868,0.848231041
155511847,756,119665,141196,0.847509844
14984868,783,121699,143806,0.846272061
43307050,672,152541,180489,0.845153998
74820141,761,121682,144190,0.843900409
25916704,630,159319,188807,0.84381935
206345872,827,103227,122563,0.842236238
172795977,666,149489,178173,0.8390104
232442939,885,111257,132607,0.838997941
243974883,664,143258,170920,0.838158203
216780927,758,125017,149500,0.836234114
15668695,773,117662,140771,0.835839768
235974414,651,146401,175324,0.835031142
230348153,743,137031,164217,0.834450757
112260469,618,154296,184914,0.834420325
243557594,668,147373,176630,0.834359962
62165221,640,151662,182358,0.831671767
170436844,669,149321,179680,0.831038513
172668823,642,148355,178526,0.830999406
142870574,656,146745,176665,0.830639912
50590240,803,122981,148079,0.83050939
261943628,806,125983,151786,0.830004085
111303900,603,148938,179448,0.829978601
163940202,708,121367,146436,0.828805758
11632884,706,147312,177779,0.828624303
158739772,830,102506,123791,0.828056967
107946176,848,103394,124889,0.827887164
211013709,659,138369,167186,0.827635089
43167332,652,147521,178259,0.827565509
46688980,815,127119,153734,0.826876293
253308535,827,97382,117997,0.825292168
98438737,763,64105,77679,0.825255217
250731093,868,105012,127386,0.824360605
77493327,758,64105,77767,0.82432137
265828963,826,97283,118037,0.824173776
30877266,775,81604,99074,0.823667158
235026589,650,146644,178150,0.823149032
99243690,913,90728,110244,0.822974493
17012539,732,116475,141770,0.821577203
208503672,786,123920,150893,0.821244193
59094095,552,166853,203205,0.821106764
141168049,743,144557,176372,0.819614224
177388254,632,142261,173613,0.819414445
107434679,701,107658,131405,0.819283893
48400109,442,164635,201092,0.818704871
36339836,634,148972,182159,0.81781301
47881224,627,107074,131061,0.816978354
29310205,765,101737,124639,0.81625334
126428801,727,113719,139493,0.815230872
183652532,652,143250,175907,0.814350765
252625111,742,123252,151541,0.813324447
248293918,621,139607,171955,0.811881015
181505060,697,124340,153472,0.810180359
32072679,870,108454,134000,0.809358209
259584354,866,91666,113323,0.808891399
40014485,433,162633,201198,0.808323144
156160214,780,102710,127204,0.807443162
208364113,814,95080,117864,0.806692459
28116812,755,101646,126140,0.805818931
110245133,603,145494,181169,0.803084413
131364947,699,88014,109782,0.801716128
203764465,549,140923,176062,0.800416899
83073150,823,105715,132264,0.799272667
135640503,581,142047,177900,0.79846543
252765847,851,97812,122553,0.798119997
50718994,578,138110,173109,0.797821026
44111255,399,157788,197780,0.79779553
236245029,677,137442,172587,0.796363573
15409215,663,143025,179647,0.796144661
117963324,924,88520,111186,0.796143399
12689421,391,156924,197125,0.796063412
62573805,607,139681,175473,0.796025599
35663761,394,156926,197145,0.795992797
2227464,392,156919,197226,0.795630394
50448268,385,157249,197763,0.795138626
153354938,625,139721,175787,0.794831245
42052616,394,156645,197104,0.79473273
52820012,711,129751,163297,0.794570629
48272398,392,155923,196359,0.794071064
134546466,577,145436,183174,0.793977311
160760392,606,138694,174768,0.793589215
36734627,677,129215,162837,0.793523585
29443729,391,156504,197312,0.793180344
100820028,875,102664,129453,0.79306003
14702704,393,156732,197636,0.793033658
118909137,873,95294,120175,0.792960266
85878375,734,62700,79071,0.792958227
54565907,393,156393,197281,0.792742332
43854386,552,116711,147297,0.792351507
10838474,580,151643,191409,0.792245924
183243669,649,133598,168765,0.791621485
25281278,393,156559,197781,0.791577553
33655409,378,156379,197878,0.790279869
249397623,801,102986,130409,0.789715434
148156153,658,122739,155478,0.789430016
52541206,372,155449,196986,0.789137299
65128440,386,156070,197981,0.788307969
62980194,385,156915,199071,0.788236358
7941859,753,115058,146039,0.787858038
56430795,722,94198,119581,0.787733837
214847144,730,107711,136781,0.787470482
156542833,872,94608,120231,0.786885246
21030769,372,155048,197061,0.786802056
37812723,384,155119,197163,0.786755121
58822641,368,154884,196869,0.786736358
35785913,560,150850,191762,0.786652204
23155710,381,156127,198480,0.786613261
124704138,776,101913,129565,0.786578165
117323011,691,116310,147964,0.786069584
244106694,628,133303,169588,0.786040286
194315146,608,138232,175911,0.785806459
91370,373,154725,196969,0.785529703
220411613,674,120016,152802,0.785434746
185909507,638,142459,181813,0.783546831
85056191,808,66038,84464,0.781847888
7140563,656,107347,137401,0.781267967
76981961,892,93505,119701,0.78115471
243839209,612,137395,175891,0.781137182
67521209,711,99333,127220,0.780797044
57345426,644,132373,169624,0.780390747
15259749,620,143180,183544,0.780085429
152309185,640,136355,174798,0.780071854
101218474,752,110714,142083,0.779220596
193285030,617,138132,177628,0.777647668
56157200,710,86768,111917,0.77528883
110381688,554,141084,182563,0.77279624
145557922,616,135569,175428,0.772789977
102003801,352,150510,194850,0.772440339
159550685,571,136307,176485,0.772343259
248160175,603,137293,178001,0.771304656
217715387,783,103390,134083,0.771089549
99120072,875,64914,84356,0.769524397
186958516,582,134263,174654,0.768737046
229664232,550,135442,176268,0.768386775
185378428,656,122100,158953,0.768151592
235576560,636,131606,171418,0.767749011
6622790,901,91216,118909,0.76710762
68213887,1015,100879,131566,0.766755849
267303041,670,119602,156069,0.766340529
206744922,495,131718,171927,0.766127484
145425803,564,130890,171306,0.764071311
237308720,569,136957,179372,0.763536115
187237112,583,133453,174938,0.762858841
127633505,854,61119,80298,0.761152208
122380346,824,91454,120187,0.760930883
100960169,868,90640,119138,0.760798402
111440420,616,130652,171750,0.760710335
245731639,572,135782,178568,0.7603938
175394934,488,129606,170557,0.75989845
40422234,557,140350,184733,0.759745146
6881484,677,129344,170518,0.758535756
193778262,554,135956,179261,0.758424867
139469181,611,137657,181514,0.758382274
59898534,833,75360,99416,0.758026877
11225358,699,129724,171158,0.757919583
232045222,935,79737,105236,0.757696986
111727676,558,136205,179835,0.757388717
60031358,602,135398,178814,0.757200219
76845707,577,133503,176387,0.756875507
238094110,783,98268,129898,0.756501255
91078774,758,99207,131215,0.756064474
7812053,700,106371,140781,0.755577812
13878727,612,115108,152514,0.75473727
164895401,757,107909,143007,0.754571455
116022049,709,118807,157844,0.752686196
32613908,640,118192,157123,0.752225963
42483763,629,135256,179822,0.752166031
185257957,762,85739,114188,0.750858234
171234121,529,140292,186914,0.750569781
33805631,584,130239,173803,0.7493484
237176300,551,133366,177983,0.749318755
194589327,679,116064,155293,0.747387197
244686968,541,134179,179609,0.747061673
163789571,646,115705,154981,0.746575387
114016637,709,112508,151017,0.745002218
260231717,576,130580,175328,0.744775506
52008213,610,117575,158254,0.742951205
231916340,509,125119,168494,0.742572436
98308754,861,98493,132651,0.74249723
197988828,601,121283,163404,0.742227852
78164670,338,144651,195003,0.741788588
136891333,633,127728,172304,0.741294456
253039323,620,128709,173763,0.740715803
36876629,553,141598,191569,0.739148818
219057746,728,85211,115341,0.73877459
14570760,591,113936,154239,0.738697735
261436153,584,123784,167646,0.738365365
183782736,528,121460,164690,0.737506831
87704768,692,103719,140711,0.737106552
197856172,533,133226,180924,0.73636444
160093571,538,136616,185560,0.736236258
141040944,546,137888,187293,0.736215449
151243785,637,120712,164120,0.735510602
242355248,566,126342,171815,0.735337427
252491996,587,114387,155627,0.735007422
121185138,722,94853,129099,0.734730711
153893903,684,114338,156591,0.730169678
53922432,593,117399,160787,0.730152313
87185951,638,84910,116294,0.730132251
70722339,611,107917,148194,0.728214368
133575710,554,98609,135422,0.72816086
104156901,845,87059,119677,0.727449719
105916159,694,93378,128437,0.727033487
197313017,496,129560,178228,0.72693404
185116068,528,127536,175940,0.724883483
268383367,705,100264,138341,0.724759833
216214927,518,127695,176370,0.72401769
238232304,574,128565,178249,0.721266318
13605079,825,63910,88631,0.721079532
251971617,508,126830,177072,0.716262311
5954235,595,110369,154159,0.715942631
239289053,503,121285,169567,0.715262993
143276547,556,127252,177921,0.715216304
109849862,546,128234,179353,0.714981071
207016653,587,107480,151409,0.709865332
79331563,745,90717,127848,0.709569176
54439259,555,106361,150151,0.708360251
51758386,343,139116,196560,0.707753358
187501260,541,122127,172598,0.707580621
204017768,588,119058,168317,0.707343881
267832504,563,106371,150747,0.705625983
198522342,520,120458,170820,0.705175038
42619686,487,128456,182348,0.704455217
252225143,509,120850,171611,0.704208938
128275081,482,136517,193990,0.703732151
250874879,478,123807,176070,0.703169194
88370103,828,84685,120530,0.702605161
21829708,753,65940,93953,0.701840282
258094705,509,119307,170043,0.701628412
159688785,485,123638,176403,0.700883772
234209381,442,119102,169989,0.700645336
175124818,540,121674,173680,0.700564256
266614013,506,119250,170243,0.700469329
30487806,525,122088,174469,0.699769013
266479583,501,118449,169407,0.69919779
253438329,652,107404,153725,0.698676208
201453692,462,119767,171568,0.698073067
241298552,465,119931,171836,0.697938732
239160948,463,119733,171609,0.697708162
234890854,465,119712,171650,0.697419167
205651441,468,119328,171161,0.697168163
267028864,466,119408,171323,0.696975888
209823355,466,119356,171288,0.696814721
197448351,489,119376,171381,0.696553294
166928665,495,123141,176942,0.695939913
251832162,491,116017,167132,0.694163894
114434668,535,118882,171345,0.693816569
185644407,379,120633,174162,0.692648224
66332817,543,117589,170018,0.691626769
92959576,762,90455,130856,0.691256037
49095398,535,118227,171283,0.690243632
241829435,516,113212,164058,0.690073023
253578595,569,123529,179040,0.689951966
218115202,486,118824,172480,0.688914657
257964555,486,118540,172160,0.688545539
226606877,486,118673,172438,0.688206776
164754769,478,116626,169662,0.687402011
212439598,574,106143,154463,0.687174275
163236154,708,105215,153118,0.68714978
165307099,682,65977,96032,0.687031406
211907973,485,118495,172509,0.686891698
253843740,485,118235,172134,0.686877665
218233111,486,118034,171848,0.686851171
153762378,557,116911,170296,0.686516418
224451995,483,118075,172008,0.68645063
203486110,483,118014,171995,0.686147853
222425503,487,117957,171958,0.685964014
15943776,537,122546,178709,0.685729314
90806053,630,90663,132392,0.684807239
234222,401,117689,171887,0.684688196
239439275,538,111377,163071,0.682996977
244401184,510,112196,164552,0.681827021
254902361,531,114639,168294,0.68118293
260770156,517,114648,168543,0.680229971
28649538,465,119116,175205,0.679866442
267173529,535,102339,151196,0.676863145
128142077,450,132486,195979,0.67602141
8757597,410,127960,189397,0.675617882
247612783,444,116526,172704,0.67471512
127191460,463,119708,177692,0.673682552
55098370,475,117927,175103,0.673472185
95772771,543,111450,165626,0.672901598
165980605,483,118721,176667,0.672004392
85200619,914,75513,112459,0.671471381
211398884,719,63979,95288,0.671427672
12814555,605,103458,154367,0.670208011
49631688,439,119909,179131,0.669392791
114553914,538,105776,158135,0.668896829
262233923,452,113259,169604,0.667784958
237033545,455,112885,169089,0.667607
64074793,428,118493,177577,0.667276731
267432157,451,112872,169234,0.666958176
199175537,591,96551,144811,0.666738024
77898593,390,125159,187762,0.666583228
260095574,454,112792,169294,0.666249247
216351070,453,112552,168966,0.666122178
181782061,690,91045,136802,0.665523896
266354378,452,112551,169170,0.665312999
251707221,453,112454,169093,0.665042314
249655895,453,112340,168962,0.664883228
266895570,448,112481,169175,0.664879563
135370060,667,113801,171203,0.664713819
228609095,450,112851,169851,0.664411749
214035924,454,112351,169116,0.664342818
264361169,451,112298,169056,0.664265096
215930116,607,94377,142141,0.663967469
123897936,472,124354,187300,0.663929525
108088431,593,108739,163888,0.663495802
78950289,778,93957,141684,0.663144745
66666666,623,101740,153881,0.661160247
76437865,613,67577,102219,0.661100187
201868125,504,114643,173743,0.659842411
116415011,570,97487,147815,0.659520346
97763413,566,91689,139134,0.658997801
37958079,360,126659,192526,0.657879975
153625202,470,119338,181410,0.657835841
138106213,639,105106,160313,0.655629924
10683561,382,126324,192709,0.655516867
230724138,460,111775,171148,0.653089724
207689635,458,111824,171224,0.653086016
255942182,457,111863,171316,0.652962946
245468454,460,111993,171549,0.652833884
243287218,458,111639,171015,0.652802386
232842046,460,111690,171097,0.6527876
247483839,458,111555,171100,0.651987142
241173803,458,111520,171180,0.651477976
24363265,622,97178,149189,0.651375101
220272063,456,111489,171323,0.650753256
216067502,457,111563,171488,0.65055864
170988127,458,114793,176605,0.649998584
219182535,359,110155,169796,0.648749087
188952743,430,112652,173734,0.648416545
204296531,494,111345,171743,0.648323367
73731668,776,80476,124491,0.646440305
37434038,551,104340,161743,0.645097469
118624104,727,90499,140396,0.644598137
81577988,686,69426,107815,0.643936372
63644296,485,107137,166400,0.643852163
256198852,405,107650,167414,0.643016713
95504840,507,107055,166726,0.642101412
53777693,264,133703,208435,0.641461367
267703369,435,106882,166816,0.640717917
87320546,714,59002,92119,0.640497617
89045960,471,80215,125282,0.640275538
17158974,424,116300,181646,0.640256323
93237132,485,78950,123353,0.640033076
203623463,398,110857,173227,0.639952201
188032406,515,113874,178104,0.63936801
197733150,427,107421,168266,0.638399914
107825618,518,104589,163935,0.637990667
86137383,712,84818,133519,0.635250414
252361829,434,105226,165662,0.635184895
204155669,557,112290,177147,0.633880337
206481072,548,97403,153749,0.633519568
66194421,415,113112,178793,0.632642218
35926649,372,120138,189916,0.632584932
173068388,455,110416,174821,0.631594602
141681946,412,111640,177345,0.629507457
185508916,556,91804,145926,0.629113386
56693695,364,124667,198686,0.627457395
8494938,349,123015,196373,0.626435406
46432768,373,118550,189338,0.626128933
38913509,287,120049,191757,0.62604755
32855418,413,108039,172627,0.625852271
18900646,349,124178,198493,0.625603926
53106003,418,114350,182857,0.625352051
16878391,353,124049,198459,0.625061096
29953414,482,107567,172242,0.624510863
46152769,352,122931,196957,0.624151465
39865790,351,124087,198816,0.624129849
53387883,469,95604,153253,0.623831181
31528256,347,123566,198198,0.62344726
6344129,345,124062,199037,0.623311244
60834110,344,123106,197635,0.622895742
4221624,354,123755,198703,0.622813948
25414276,541,85514,137602,0.62145899
257698602,584,92178,148341,0.621392602
10547618,351,123011,198243,0.620506146
27284388,334,122358,197696,0.618919958
248843452,484,101247,163870,0.617849515
73337106,644,55212,89510,0.616824936
258231527,396,103511,167922,0.616423101
2372045,341,122097,198093,0.616362012
33932084,419,113640,184912,0.614562603
109578676,506,103231,168495,0.612665064
241962465,456,101174,165188,0.612477904
65376509,323,122820,200599,0.612266263
237833371,451,104209,170253,0.612083194
56566455,619,70471,115143,0.612030258
82510116,480,101774,166938,0.609651487
247759774,403,105411,173130,0.608854618
50857622,420,107144,176107,0.608402846
230857856,360,102922,169512,0.607166454
97629528,398,103549,170613,0.606923271
109316588,351,114337,188598,0.60624715
129110144,406,105473,174165,0.605592398
155779456,399,109650,181166,0.605246017
94971429,513,88232,145907,0.604713962
166792252,429,101253,167517,0.604434177
214440695,396,105281,174493,0.603353716
71566924,722,78165,129575,0.603241366
78816242,530,101615,169199,0.600565015
95637525,352,105660,176491,0.598670754
125609707,479,88841,148614,0.597796977
207958162,369,101614,170506,0.595955568
94570191,397,105342,176820,0.595758398
115487619,293,113034,190000,0.594915789
189346094,376,100052,168794,0.592746188
162278310,403,103940,175392,0.592615399
76289074,306,99571,168495,0.590943351
165442838,480,93619,158568,0.590402856
77776026,370,111037,188992,0.587522223
376976,315,113829,194179,0.586206541
40567776,435,105197,179546,0.585905562
257567404,536,85459,146180,0.584614858
15804973,406,104544,179150,0.58355568
137580071,639,60715,104164,0.582878922
237571131,442,97183,166818,0.582569027
55235550,362,100263,172209,0.582216957
106054397,321,107267,184638,0.580958416
19419345,315,112452,193654,0.580685139
191141346,322,100115,172410,0.580679775
49352826,364,105653,182161,0.579997914
123349203,571,86213,148935,0.578863262
130178265,556,85527,148144,0.577323415
72395658,363,106912,185514,0.576301519
107557434,373,100046,173607,0.576278606
165851465,335,98041,170323,0.57561809
204862644,385,101073,175890,0.574637558
218786788,606,55885,97314,0.574275027
53642651,302,112689,196715,0.572854129
172266695,309,98202,171552,0.572432848
4358497,271,112784,197045,0.572376868
40700189,370,99495,174870,0.568965517
241435037,334,96434,169622,0.568522951
109710330,336,102879,180969,0.568489631
223774222,549,56370,99189,0.568308986
80379086,626,54338,95918,0.566504723
23412840,291,105792,187464,0.564332352
206206624,620,57846,102611,0.56374073
30090841,579,83448,148156,0.563244148
87051488,250,106542,189271,0.562907154
51881043,674,60002,106720,0.562237631
130831703,309,97696,173985,0.561519671
141300038,564,91435,163339,0.559786701
67392314,271,107161,193129,0.554867472
60959789,336,103190,185980,0.554844607
22626521,393,71041,128049,0.55479543
214707392,355,90723,163528,0.554785725
223112209,503,76785,138694,0.553628852
104022528,266,101970,184619,0.552326684
3018779,690,58878,106612,0.552264285
55511598,613,57094,103415,0.552086254
20360683,417,72305,130980,0.552030844
32473130,655,58791,107087,0.549002213
5829974,381,85361,155634,0.548472699
19024843,373,101829,186832,0.545029759
68995677,277,84767,155601,0.544771563
107157632,410,90029,165872,0.542761889
215250069,397,87228,160736,0.542678678
191679823,386,89763,165513,0.542332022
130969670,635,53565,98881,0.541711755
259826924,498,82010,151651,0.540781136
63122167,295,102393,189955,0.539038193
220539654,286,92776,172438,0.538025261
109184072,321,100294,186708,0.537170341
233936323,386,87214,162514,0.536655304
29701042,329,101952,190330,0.535659118
124037991,279,103277,192834,0.535574639
79987539,309,101594,190636,0.532921379
76570633,326,91783,172328,0.532606425
55643184,384,96652,181954,0.531189202
92545453,353,98949,186294,0.53114432
222836775,316,91931,173429,0.530078591
69388413,292,98894,187184,0.528325071
67916149,268,98226,186081,0.527866897
14421783,596,66126,125750,0.525852883
27433761,240,98190,187003,0.52507179
128549064,467,56981,108645,0.524469603
124427868,338,89609,170899,0.524338937
122792227,490,75984,145148,0.523493262
69804847,674,86470,165375,0.52287226
154160071,415,89798,172383,0.520921437
156045459,314,87667,169050,0.518586217
88905952,389,74580,143895,0.51829459
132729894,379,84070,162428,0.517583175
33333333,369,83597,161772,0.516758153
85612602,587,58236,113459,0.513277924
9715719,491,82597,161516,0.511385869
75762550,248,97652,191315,0.510425215
82381687,364,93014,183031,0.508187138
233654913,288,87298,171992,0.50757012
57483809,337,87172,171889,0.507141236
206610930,361,82560,163297,0.505581854
83198803,369,81769,161913,0.505018127
233513568,284,83168,164747,0.504822546
86273347,349,83317,165366,0.50383392
20100374,220,98204,196015,0.501002474
217318560,332,81268,162425,0.500341696
99527058,355,63173,126349,0.499988128
1164995,368,68572,137162,0.499934384
114684412,309,85616,171369,0.499600278
218929369,286,81257,164002,0.49546347
225525841,359,80828,163190,0.495299957
118101635,284,85113,172628,0.493042844
214570411,301,87493,178773,0.489408356
219455659,300,87532,179256,0.488307225
219331130,413,78197,160838,0.486184857
80509242,666,48388,99766,0.485014935
101861460,357,85763,177907,0.482066473
156675470,296,58017,120503,0.481456893
227806152,340,78314,165120,0.474285368
231646819,316,66942,141201,0.474090127
242230477,275,81782,172612,0.47379093
29575217,280,86698,183409,0.472703084
71830817,257,88991,188343,0.472494332
263851633,612,53561,113390,0.472360878
76025177,265,88448,188707,0.468705453
119708542,243,86716,185918,0.46642068
99922472,237,79451,171030,0.464544232
107696161,265,79223,171431,0.46212762
75637080,274,85272,184565,0.462016092
22097581,343,55813,120936,0.461508567
139867431,307,69052,149930,0.460561595
222964871,268,78690,170938,0.460342346
231787622,306,74466,162280,0.458873552
189613387,267,78047,170887,0.456717012
105238834,244,81040,178034,0.455193952
72124881,259,83947,185310,0.453008472
93373109,440,71982,159477,0.451362892
206881873,318,72163,160897,0.448504323
126560306,310,76239,170358,0.447522277
19712150,169,81858,184013,0.444849005
93094821,204,81631,184728,0.441898359
2754454,25,73912,167347,0.441669107
218661676,246,74643,169456,0.440486026
89986239,348,68440,155584,0.439890991
89574179,390,69065,157174,0.439417461
231508471,194,74930,171523,0.436851035
67255230,214,80440,185292,0.434125596
259043531,298,71787,165873,0.432782912
81051805,292,70165,162682,0.431301558
240234926,299,71450,165962,0.43052024
232307432,312,64988,151081,0.430153361
106324231,470,45200,105430,0.428720478
70062195,206,80873,189457,0.42686731
28527399,384,68714,161774,0.424753051
162146335,320,71468,169012,0.422857549
99387506,285,75403,178528,0.422359518
70455109,427,51848,123410,0.420128029
135097561,344,54131,129425,0.418242225
230466185,323,62143,149122,0.416725902
73996314,296,62046,148935,0.416597845
58011982,212,75355,182554,0.412781971
240492987,256,70655,171291,0.412485186
51627377,313,57765,140067,0.412409775
92412327,245,73230,178444,0.410380848
98697640,245,72275,178044,0.405938981
233378451,221,67977,167561,0.405685094
113631310,224,74234,184008,0.403428112
132326557,197,74648,185723,0.401931909
117572114,201,72057,181173,0.397724827
124567989,241,68053,172255,0.395071261
156283436,189,66860,169720,0.393942965
72534366,237,70841,181174,0.391010851
119849814,199,70097,180133,0.389140246
90543426,190,68815,178836,0.384793889
4502538,218,70213,182895,0.383897865
103064643,174,70144,186263,0.376585795
55907505,190,67547,179709,0.375868766
130580816,242,64811,172585,0.375530898
86521610,189,67380,179428,0.375526674
130304420,185,68047,182285,0.373300052
225123176,340,51950,139378,0.372727403
22241287,391,42644,114743,0.371647944
89310461,159,66255,178524,0.371126571
257021209,201,61254,165352,0.370446079
231390043,201,61218,166413,0.367867895
124294070,225,62751,171462,0.365976135
88644086,181,65245,178800,0.364904922
30750925,293,51230,140999,0.36333591
88106650,185,64985,178946,0.363154248
98571499,189,64675,178834,0.361648232
113357185,188,64475,178322,0.361565034
132175774,182,64460,178478,0.361164962
71420316,181,64635,179148,0.360791078
77632388,182,64290,178686,0.359793157
92277900,185,64695,179960,0.359496555
89182886,186,64335,179422,0.358568069
90268918,185,64510,180264,0.357864022
121733663,181,64075,179110,0.357741053
67125758,182,64090,179274,0.357497462
94434833,176,63570,178670,0.355795601
86008309,173,64025,179974,0.35574583
115349533,177,63695,179134,0.355571807
119569634,179,63580,178908,0.355378183
223258390,195,48462,136649,0.354645844
79710470,177,63255,179128,0.353127373
52958784,126,58959,170772,0.345249807
41235475,160,60871,178529,0.340958612
86652276,137,59990,179564,0.334087011
72671546,196,58855,178424,0.329860333
73600078,209,57006,176348,0.323258557
95098926,195,45342,141763,0.319843683
2627741,18,52487,166552,0.315138816
201996310,129,51127,163624,0.312466386
130046020,157,54890,177332,0.309532402
117441875,155,55375,179344,0.308764163
217841887,322,41911,137110,0.305674276
51497608,243,44010,144693,0.304161224
128018502,155,54315,179626,0.302378275
104970971,151,54100,179612,0.301204819
66060552,141,50796,169269,0.300090389
123758788,153,53285,178218,0.298987757
225790051,138,50136,167743,0.298885796
137038408,84,48996,165946,0.295252673
69263026,141,52310,178448,0.293138617
84008614,138,52485,179220,0.29285236
75514546,138,52310,178884,0.292424141
88781482,136,52025,178286,0.291806423
107026606,139,51790,177798,0.291285616
111163172,139,51985,178642,0.291000996
96568865,137,51630,177808,0.290369387
100677928,136,51630,178438,0.289344198
125892004,137,51370,178330,0.288061459
27834736,111,52068,180960,0.287732095
102789167,135,51345,178650,0.287405542
73461684,134,51005,178410,0.285886441
81855654,137,50880,178080,0.285714286
67786083,57,45869,167130,0.274451026
263328100,149,42408,161177,0.263114464
5568869,290,33394,127379,0.262162523
58409623,158,38550,147696,0.2610091
122244332,174,43689,170177,0.25672682
155914894,93,41888,163731,0.255834265
162966195,163,34770,142438,0.244106208
159135084,156,36792,151170,0.243381623
100289190,263,33321,138456,0.240661293
158061175,208,35453,147506,0.240349545
22367083,117,42577,178995,0.23786698
80244934,226,33318,142497,0.233815449
256472166,133,34655,149093,0.232438813
225258390,91,36500,161476,0.226039783
118768209,55,37161,165459,0.224593404
68356781,19,36080,164592,0.21920871
71974729,24,35906,166094,0.21617879
242611435,79,34901,161464,0.216153446
125105396,82,36095,179108,0.201526453
86786999,11,32072,165303,0.194019467
223641956,69,29143,155891,0.186944724
208224995,74,25526,161461,0.158093905
67639777,11,18524,160751,0.11523412
89442534,72,18640,178476,0.104439813
92814107,7,14410,162814,0.088505902
74124018,8,8905,157812,0.056427902
,2005978,,,
