Number,Wins,For,Against,Ratio,,Nonreachable,,,,,,all2000,,,,,,Reachable,,,,
2878152,1340,86465,14403,6.003263209,,Number,Wins,For,Against,Ratio,,Number,Wins,For,Against,Ratio,,Number,Wins,For,Against,Ratio
39736309,1326,84948,18926,4.488428617,,177259467,447,72990,45246,1.613181276,,2878152,1824,116626,17077,6.829419687,,2878152,1340,86465,14403,6.003263209
111035385,1242,82960,18535,4.475856488,,147857609,430,70632,44168,1.599166818,,111035385,1736,112725,21673,5.201171965,,39736309,1326,84948,18926,4.488428617
10420116,1331,85565,19341,4.424021509,,112528525,408,70991,44889,1.581478759,,39736309,1812,115215,22837,5.045102246,,111035385,1242,82960,18535,4.475856488
2082194,1323,85297,19601,4.351665731,,178917518,467,77610,49258,1.575581631,,10420116,1813,115343,22992,5.016657968,,10420116,1331,85565,19341,4.424021509
220129174,1324,86825,20359,4.264698659,,243974883,452,69572,44249,1.572284119,,2082194,1814,115406,23244,4.96498021,,2082194,1323,85297,19601,4.351665731
141949606,1311,83568,20815,4.014797021,,44379577,362,83536,54426,1.534854665,,141949606,1812,114802,24136,4.756463374,,220129174,1324,86825,20359,4.264698659
34991586,1335,87475,21806,4.011510593,,162541802,421,69765,45685,1.527087666,,220129174,1807,116890,24908,4.692869761,,141949606,1311,83568,20815,4.014797021
140248029,1327,87532,23151,3.780916591,,44247974,357,85443,56587,1.509940446,,211278245,1778,111847,24767,4.515968829,,34991586,1335,87475,21806,4.011510593
194848664,1351,88988,23902,3.723035729,,172142007,458,75545,50657,1.491304262,,34991586,1823,118448,26491,4.471254388,,140248029,1327,87532,23151,3.780916591
161168292,1326,87701,23740,3.694229149,,176999249,446,71880,48494,1.482245226,,16748215,1702,110149,24821,4.437734177,,194848664,1351,88988,23902,3.723035729
26189714,1294,83289,22958,3.627885704,,,,,,,,,,,,,,,,,,
211278245,1293,80758,22283,3.624197819,,,,,,,,,,,,,,,,,,
227539533,1195,80570,22310,3.611385029,,",[t(y,k,y,p,wa),t(g,k,g,p,wa),t(y,e,g,k,wa),t(g,e,y,w,wa),t(y,w,g,k,gg),t(g,w,y,e,gg),t(y,p,y,p,gg)])",,,,,,,,,,,,,,,,
16748215,1215,79623,22246,3.57920525,,,,,,,,,,,,,,,,,,
33517643,1230,81813,23009,3.555695597,,,,,,,,,,,,,,,,,,
194721767,1307,86424,24571,3.517317163,,K,K,E,E,W,W,P,,,,,,,,,,
188704895,1422,82299,23405,3.516299936,,,,,,,,,,,,,,Number,Wins,For,Against,Ratio
169351084,1374,93719,26849,3.490595553,,P,P,K,W,K,E,P,,,,,,2878152,1839,117540,16689,7.04296243
140506575,1320,89189,26099,3.417333997,,,,,,,,,,,,,,111035385,1729,112915,22184,5.089929679
265559983,1266,78792,23282,3.38424534,,,,,,,,,,,,,,39736309,1824,115565,22713,5.088055299
129905180,1114,76157,22609,3.368437348,,,,,,,,,,,,,,2082194,1828,116122,22918,5.06684702
52131987,1184,80872,24111,3.354153706,,",[t(y,k,y,e,wa),t(g,k,y,e,gg),t(y,e,y,p,gg),t(g,e,y,p,gg),t(y,w,y,e,wa),t(g,w,y,e,wa),t(y,p,g,e,wa)]).",,,,,,,,,,,,10420116,1827,116186,23321,4.98203336
161035759,1339,91913,27946,3.288950118,,,,,,,,,,,,,,220129174,1821,117694,24920,4.722873194
198786021,1336,91870,27973,3.284238373,,,,,,,,,,,,,,141949606,1814,115071,24504,4.696008815
110907359,1128,80112,24462,3.274957076,,K,K,E,E,W,W,P,,,,,,211278245,1792,112339,24899,4.511787622
96438897,1096,75660,23145,3.268956578,,,,,,,,,,,,,,188704895,1919,115609,26043,4.439158315
211152761,1309,80235,24578,3.264504842,,E,E,P,P,E,E,E,,,,,,34991586,1826,118795,26838,4.426373053
150979100,1397,80678,24734,3.261825827,,,,,,,,,,,,,,,,,,
174847421,1420,81256,25086,3.239097505,,,,,,,,,,,,,,,,,,
152032751,1292,86281,26661,3.236225198,,"(39736309,[t(y,k,y,p,wa),t(g,k,y,p,wa),t(y,e,g,k,wa),t(g,e,y,w,gg),t(y,w,y,w,wa),t(g,w,g,e,gg),t(y,p,y,p,gg)])",,,,,,,,,,,,,,,,
16614069,1166,78088,24440,3.195090016,,,,,,,,,,,,,,,,,,
253722587,1253,86908,27208,3.194207586,,K,K,E,E,W,W,P,,,,,,,,,,
119440339,1165,83160,26041,3.193425752,,,,,,,,,,,,,,,,,,
51105258,1220,79572,24983,3.185045831,,P,P,K,W,W,E,P,,,,,,,,,,
236891075,1248,86821,27308,3.17932474,,,,,,,,,,,,,,,,,,
9989530,1294,88018,28531,3.084995268,,,,,,,,,,,,,,,,,,
9172937,1259,85202,27873,3.056793313,,,,,,,,,,,,,,,,,,
58153170,1176,79285,25997,3.049774974,,K,K,E,E,W,W,P,,,,,,,,,,
208887597,1175,78431,26271,2.985459252,,,,,,,,,,,,,,,,,,
164340123,1265,84939,28796,2.949680511,,E,E,K,P,E,K,P,,,,,,,,,,
39586452,1212,84338,29105,2.897715169,,,,,,,,,,,,,,,,,,
168544680,1301,79556,27585,2.884031176,,,,,,,,,,,,,,,,,,
106592925,1099,76072,26404,2.881078624,,,,,"[t(y,k,y,e,wa),t(g,k,y,e,gg),t(y,e,g,k,gg),t(g,e,y,p,wa),t(y,w,g,e,wa),t(g,w,g,k,gg),t(y,p,y,p,gg)])",,,,,,,,,,,,,
232177028,1171,75933,26539,2.861185425,,,,,,"(33333333,[t(y,k,y,e,wa),t(g,k,y,e,gg),t(y,e,g,k,gg),t(g,e,y,p,wa),t(y,w,g,e,wa),t(g,w,g,k,gg),t(y,p,y,p,gg)]).",,,,,,,,,,,,
119048118,1102,79350,27795,2.854830005,,,,,,,,,,,,,,,,,,
73086947,1126,79572,27965,2.84541391,,,,,,,,,,,,,,,,,,
35254219,1302,88989,31394,2.834586227,,,,,,,,,,,,,,,,,,
68735449,1100,78590,27746,2.832480358,,,,,,,,,,,,,,,,,,
14288713,1155,81684,28851,2.831236352,,,,,,,,,,,,,,,,,,
257435121,1178,82448,29218,2.821822164,,,,,,,,,,,,,,,,,,
91216722,1079,75134,26820,2.801416853,,,,,,,,,,,,,,,,,,
178234127,1313,80732,28877,2.795719777,,,,,,,,,,,,,,,,,,
221896527,1258,78685,28326,2.777836617,,,,,,,,,,,,,,,,,,
84927901,1125,81530,29432,2.770114161,,,,,,,,,,,,,,,,,,
173745598,1304,91545,33148,2.76170508,,,,,,,,,,,,,,,,,,
215391120,1199,79076,28680,2.757182706,,,,,,,,,,,,,,,,,,
215792097,1162,81155,29440,2.756623641,,,,,,,,,,,,,,,,,,
209689930,1216,75124,27279,2.753913267,,,,,,,,,,,,,,,,,,
89710585,1065,77610,28311,2.741337289,,,,,,,,,,,,,,,,,,
154300319,1198,79827,29123,2.741029427,,,,,,,,,,,,,,,,,,
89844171,1103,81225,29832,2.722747385,,,,,,,,,,,,,,,,,,
72951789,1063,77515,28495,2.720301807,,,,,,,,,,,,,,,,,,
224062906,1175,85054,31480,2.70184244,,,,,,,,,,,,,,,,,,
264112249,1250,74485,27700,2.68898917,,,,,,,,,,,,,,,,,,
192893515,1364,79200,29527,2.682290785,,,,,,,,,,,,,,,,,,
147450331,1214,83259,31046,2.681794756,,,,,,,,,,,,,,,,,,
176063057,1370,79180,29555,2.679072915,,,,,,,,,,,,,,,,,,
259953253,1251,74364,27806,2.674386823,,,,,,,,,,,,,,,,,,
184326653,1358,82140,31053,2.645155057,,,,,,,,,,,,,,,,,,
181910070,1295,78277,29766,2.629745347,,,,,,,,,,,,,,,,,,
154034749,1257,79705,30311,2.629573422,,,,,,,,,,,,,,,,,,
51374998,1128,82021,31374,2.614298464,,,,,,,,,,,,,,,,,,
38502248,1102,77328,29631,2.609699301,,,,,,,,,,,,,,,,,,
143814490,1292,83798,32524,2.576497356,,,,,,,,,,,,,,,,,,
3810356,1144,79362,30959,2.563454892,,,,,,,,,,,,,,,,,,
158330093,1200,83123,32488,2.558575474,,,,,,,,,,,,,,,,,,
125229224,1059,76709,30116,2.547117811,,,,,,,,,,,,,,,,,,
17814988,1204,83351,32774,2.54320498,,,,,,,,,,,,,,,,,,
160897948,1211,77558,30615,2.533333333,,,,,,,,,,,,,,,,,,
41519695,1171,87983,35015,2.512723119,,,,,,,,,,,,,,,,,,
8222301,1072,76937,30702,2.505927953,,,,,,,,,,,,,,,,,,
183916837,1323,75563,30256,2.49745505,,,,,,,,,,,,,,,,,,
24757847,1168,87662,35120,2.496070615,,,,,,,,,,,,,,,,,,
157110162,1185,80479,32264,2.494390032,,,,,,,,,,,,,,,,,,
204987749,1198,80465,32350,2.487326121,,,,,,,,,,,,,,,,,,
228330993,1167,84563,34399,2.458298206,,,,,,,,,,,,,,,,,,
12428832,1162,83544,34244,2.439668263,,,,,,,,,,,,,,,,,,
83332114,1029,72333,29656,2.439067979,,,,,,,,,,,,,,,,,,
1040587,1224,85974,35302,2.435386097,,,,,,,,,,,,,,,,,,
137974221,1373,87546,36384,2.406167546,,,,,,,,,,,,,,,,,,
151631760,1141,81114,33778,2.401385517,,,,,,,,,,,,,,,,,,
259450849,1117,74346,30989,2.399109361,,,,,,,,,,,,,,,,,,
200275788,1273,75051,31318,2.396417396,,,,,,,,,,,,,,,,,,
158884823,1368,87431,36512,2.394582603,,,,,,,,,,,,,,,,,,
181223085,1275,76405,31947,2.391617366,,,,,,,,,,,,,,,,,,
33113205,1170,86666,36303,2.387295816,,,,,,,,,,,,,,,,,,
202529729,1150,85227,35812,2.379844745,,,,,,,,,,,,,,,,,,
192356457,1220,78293,33013,2.371580892,,,,,,,,,,,,,,,,,,
96173661,1033,73053,31118,2.347612314,,,,,,,,,,,,,,,,,,
146777933,1337,78543,33572,2.339538901,,,,,,,,,,,,,,,,,,
141556679,1282,86483,37033,2.335295547,,,,,,,,,,,,,,,,,,
217443946,1204,73788,31731,2.325423088,,,,,,,,,,,,,,,,,,
97103129,995,76089,32795,2.320140265,,,,,,,,,,,,,,,,,,
41649682,1168,84199,36421,2.311825595,,,,,,,,,,,,,,,,,,
146246161,1288,76913,33420,2.301406344,,,,,,,,,,,,,,,,,,
265027143,1174,74641,32602,2.289460769,,,,,,,,,,,,,,,,,,
168677298,1231,81268,35550,2.286019691,,,,,,,,,,,,,,,,,,
179200658,1318,76121,33319,2.284612383,,,,,,,,,,,,,,,,,,
174717425,1365,84335,37164,2.269265956,,,,,,,,,,,,,,,,,,
142329699,1214,76675,33806,2.268088505,,,,,,,,,,,,,,,,,,
62437400,1145,84475,37312,2.264016938,,,,,,,,,,,,,,,,,,
146388969,1364,87101,38529,2.260660801,,,,,,,,,,,,,,,,,,
7010660,1133,79040,35089,2.252557782,,,,,,,,,,,,,,,,,,
221509331,1130,78618,35105,2.239510041,,,,,,,,,,,,,,,,,,
44926423,1172,77149,34535,2.233936586,,,,,,,,,,,,,,,,,,
167335326,1359,85646,38374,2.231875749,,,,,,,,,,,,,,,,,,
171892981,1319,77672,34997,2.219390233,,,,,,,,,,,,,,,,,,
97357073,982,76234,34384,2.217135877,,,,,,,,,,,,,,,,,,
213641876,1182,78438,35462,2.211888782,,,,,,,,,,,,,,,,,,
216656308,1177,81605,36903,2.211337832,,,,,,,,,,,,,,,,,,
58689908,1010,70757,32174,2.19919811,,,,,,,,,,,,,,,,,,
209418871,1184,72353,32915,2.198177123,,,,,,,,,,,,,,,,,,
16346758,1116,81602,37128,2.197856066,,,,,,,,,,,,,,,,,,
134946698,1079,75186,34265,2.194250693,,,,,,,,,,,,,,,,,,
135512005,1169,84613,38766,2.182660063,,,,,,,,,,,,,,,,,,
109039466,1021,73061,33529,2.179039041,,,,,,,,,,,,,,,,,,
145833439,1355,83185,38306,2.171591918,,,,,,,,,,,,,,,,,,
237967495,1171,73924,34071,2.169704441,,,,,,,,,,,,,,,,,,
48963375,1233,81778,38035,2.150072302,,,,,,,,,,,,,,,,,,
159014221,1161,73880,34438,2.145304605,,,,,,,,,,,,,,,,,,
212705843,1161,79189,36948,2.143255386,,,,,,,,,,,,,,,,,,
209158620,1059,72040,33755,2.13420234,,,,,,,,,,,,,,,,,,
108755610,1065,71633,33584,2.132950214,,,,,,,,,,,,,,,,,,
133701391,1070,71833,33755,2.128069916,,,,,,,,,,,,,,,,,,
227267476,1116,84090,39757,2.115099228,,,,,,,,,,,,,,,,,,
210734699,1056,75058,35817,2.095597063,,,,,,,,,,,,,,,,,,
18770859,1122,85950,41119,2.090274569,,,,,,,,,,,,,,,,,,
198116877,1250,74901,35910,2.085797828,,,,,,,,,,,,,,,,,,
138369495,1305,83699,40133,2.085540578,,,,,,,,,,,,,,,,,,
227135449,1000,72973,35083,2.080010261,,,,,,,,,,,,,,,,,,
32213634,1061,76624,36846,2.079574445,,,,,,,,,,,,,,,,,,
114290110,1031,81228,39112,2.076805073,,,,,,,,,,,,,,,,,,
13340421,1111,84279,40650,2.073284133,,,,,,,,,,,,,,,,,,
217042310,1166,76322,36963,2.064821578,,,,,,,,,,,,,,,,,,
154435411,1187,87465,42488,2.058581246,,,,,,,,,,,,,,,,,,
246124876,1232,73640,35808,2.056523682,,,,,,,,,,,,,,,,,,
113225102,1037,83304,40632,2.050206734,,,,,,,,,,,,,,,,,,
133138850,1133,77478,37845,2.047245343,,,,,,,,,,,,,,,,,,
148572530,1127,75241,36836,2.042594201,,,,,,,,,,,,,,,,,,
114820241,1024,72696,35635,2.040016837,,,,,,,,,,,,,,,,,,
157935299,1177,84942,41797,2.032251119,,,,,,,,,,,,,,,,,,
33384551,1053,75787,37332,2.030081431,,,,,,,,,,,,,,,,,,
90949384,997,68475,33786,2.026727047,,,,,,,,,,,,,,,,,,
146517036,1278,83074,40998,2.026293966,,,,,,,,,,,,,,,,,,
225928163,1041,70771,34928,2.026196748,,,,,,,,,,,,,,,,,,
209546849,1128,70305,34742,2.02363134,,,,,,,,,,,,,,,,,,
250609570,1247,79279,39181,2.023404201,,,,,,,,,,,,,,,,,,
213900726,1247,82305,40723,2.021093731,,,,,,,,,,,,,,,,,,
69124517,1088,83320,41240,2.020368574,,,,,,,,,,,,,,,,,,
57620738,1016,71393,35368,2.018576114,,,,,,,,,,,,,,,,,,
246266172,1234,74795,37109,2.015548789,,,,,,,,,,,,,,,,,,
168425193,1281,85418,42541,2.007898263,,,,,,,,,,,,,,,,,,
106880943,1082,83090,41487,2.002796057,,,,,,,,,,,,,,,,,,
162684797,1262,74141,37044,2.001430731,,,,,,,,,,,,,,,,,,
56032859,1266,87648,43849,1.998859723,,,,,,,,,,,,,,,,,,
208756220,1087,78881,39498,1.99708846,,,,,,,,,,,,,,,,,,
94054106,1052,75022,37576,1.996540345,,,,,,,,,,,,,,,,,,
39320170,1263,86067,43579,1.974965006,,,,,,,,,,,,,,,,,,
13742076,1144,86020,43906,1.959185533,,,,,,,,,,,,,,,,,,
170844526,1263,80178,41089,1.951325172,,,,,,,,,,,,,,,,,,
246803871,1228,72735,37281,1.950993804,,,,,,,,,,,,,,,,,,
212983805,1212,74390,38134,1.950752609,,,,,,,,,,,,,,,,,,
23844756,1094,92424,47526,1.944703952,,,,,,,,,,,,,,,,,,
15530939,1063,83390,42939,1.942057337,,,,,,,,,,,,,,,,,,
179337775,1310,83933,43251,1.940602529,,,,,,,,,,,,,,,,,,
210486852,1100,81594,42091,1.938514172,,,,,,,,,,,,,,,,,,
213392786,1200,76504,39476,1.937987638,,,,,,,,,,,,,,,,,,
143940458,1193,82562,42916,1.923804642,,,,,,,,,,,,,,,,,,
179732087,1283,80697,41965,1.922959609,,,,,,,,,,,,,,,,,,
238370153,1092,82130,42713,1.922833798,,,,,,,,,,,,,,,,,,
114950482,921,73681,38531,1.912252472,,,,,,,,,,,,,,,,,,
186031285,1114,85418,44702,1.91083173,,,,,,,,,,,,,,,,,,
250209380,1189,72810,38153,1.908368936,,,,,,,,,,,,,,,,,,
115080678,1095,82366,43462,1.895126777,,,,,,,,,,,,,,,,,,
131884724,1008,69999,37136,1.88493645,,,,,,,,,,,,,,,,,,
232708283,991,71200,37818,1.882701359,,,,,,,,,,,,,,,,,,
154565868,1157,88997,47414,1.877019446,,,,,,,,,,,,,,,,,,
44799780,1139,78121,41806,1.868655217,,,,,,,,,,,,,,,,,,
201051662,1200,72829,39082,1.863492145,,,,,,,,,,,,,,,,,,
251277704,1243,78896,42378,1.861720704,,,,,,,,,,,,,,,,,,
213759939,1218,80642,43523,1.852859408,,,,,,,,,,,,,,,,,,
184444737,1274,71249,38459,1.852596271,,,,,,,,,,,,,,,,,,
35388894,1098,85780,46414,1.848149265,,,,,,,,,,,,,,,,,,
79457607,1062,74037,40061,1.848106637,,,,,,,,,,,,,,,,,,
119301583,916,72266,39424,1.83304586,,,,,,,,,,,,,,,,,,
168811755,1159,81993,44770,1.831427295,,,,,,,,,,,,,,,,,,
152971195,1034,85149,46598,1.827310185,,,,,,,,,,,,,,,,,,
205126328,1148,76119,41660,1.827148344,,,,,,,,,,,,,,,,,,
23021332,1185,81974,45027,1.820552113,,,,,,,,,,,,,,,,,,
204719752,1025,70694,38902,1.817233047,,,,,,,,,,,,,,,,,,
192748596,1162,73734,40685,1.812314121,,,,,,,,,,,,,,,,,,
61636075,1084,84030,46593,1.803489795,,,,,,,,,,,,,,,,,,
37680577,1126,87178,48370,1.802315485,,,,,,,,,,,,,,,,,,
199860128,1281,85843,47663,1.801040639,,,,,,,,,,,,,,,,,,
208633678,999,75386,42014,1.79430666,,,,,,,,,,,,,,,,,,
54066153,1108,91031,51037,1.783627564,,,,,,,,,,,,,,,,,,
18504648,1073,83214,46759,1.779636006,,,,,,,,,,,,,,,,,,
1824732,1099,84732,47657,1.77795497,,,,,,,,,,,,,,,,,,
38764339,942,71117,40170,1.770400797,,,,,,,,,,,,,,,,,,
221098447,1024,79578,44977,1.769304311,,,,,,,,,,,,,,,,,,
217181548,1149,73637,41729,1.764648086,,,,,,,,,,,,,,,,,,
1546169,1056,83785,47508,1.76359771,,,,,,,,,,,,,,,,,,
123616252,1083,84515,47964,1.762050705,,,,,,,,,,,,,,,,,,
133423006,967,79728,45273,1.761049632,,,,,,,,,,,,,,,,,,
250477724,1164,74748,42564,1.756131942,,,,,,,,,,,,,,,,,,
165581868,1092,94781,54002,1.755138699,,,,,,,,,,,,,,,,,,
917045,1248,87440,49886,1.752796376,,,,,,,,,,,,,,,,,,
7684039,985,85926,49130,1.748951761,,,,,,,,,,,,,,,,,,
256609812,1107,70785,40563,1.745063235,,,,,,,,,,,,,,,,,,
173468628,1076,80297,46021,1.744790422,,,,,,,,,,,,,,,,,,
124968279,980,69228,39757,1.741278265,,,,,,,,,,,,,,,,,,
239707085,1131,78258,44953,1.740884924,,,,,,,,,,,,,,,,,,
242091750,1122,71079,40893,1.738170347,,,,,,,,,,,,,,,,,,
52269269,1086,88751,51101,1.736776188,,,,,,,,,,,,,,,,,,
194180971,1159,80402,46450,1.730936491,,,,,,,,,,,,,,,,,,
118496693,1024,80814,46695,1.730677803,,,,,,,,,,,,,,,,,,
228199828,917,74617,43203,1.727125431,,,,,,,,,,,,,,,,,,
45198962,1135,83369,48332,1.724923446,,,,,,,,,,,,,,,,,,
112825404,926,69786,40511,1.722643233,,,,,,,,,,,,,,,,,,
204444170,1017,69700,40629,1.715523395,,,,,,,,,,,,,,,,,,
133842846,924,78678,45917,1.713483024,,,,,,,,,,,,,,,,,,
27150911,1048,84276,49253,1.711083589,,,,,,,,,,,,,,,,,,
224319442,1002,82226,48105,1.709302567,,,,,,,,,,,,,,,,,,
60697672,1048,84304,49353,1.7081839,,,,,,,,,,,,,,,,,,
63781512,1101,72192,42306,1.706424621,,,,,,,,,,,,,,,,,,
261176537,1134,75609,44370,1.704056795,,,,,,,,,,,,,,,,,,
43976253,1047,84117,49418,1.702153062,,,,,,,,,,,,,,,,,,
39048179,985,73448,43276,1.697199371,,,,,,,,,,,,,,,,,,
149921136,1169,83675,49332,1.696160707,,,,,,,,,,,,,,,,,,
245339965,1065,76715,45277,1.694348124,,,,,,,,,,,,,,,,,,
263054825,1193,82243,48584,1.692800099,,,,,,,,,,,,,,,,,,
80636370,1020,81951,48511,1.689328194,,,,,,,,,,,,,,,,,,
134135222,1055,85309,50570,1.686948784,,,,,,,,,,,,,,,,,,
75236882,933,69508,41286,1.683573124,,,,,,,,,,,,,,,,,,
81446349,866,83690,49711,1.683530808,,,,,,,,,,,,,,,,,,
226068291,1105,69810,41542,1.68046796,,,,,,,,,,,,,,,,,,
7419842,1019,79467,47355,1.678112132,,,,,,,,,,,,,,,,,,
87963070,1042,85021,50870,1.671338707,,,,,,,,,,,,,,,,,,
151769325,1019,82865,49755,1.665460758,,,,,,,,,,,,,,,,,,
169763207,1042,86564,52109,1.661210156,,,,,,,,,,,,,,,,,,
157256087,1039,86554,52186,1.658567432,,,,,,,,,,,,,,,,,,
24892076,932,70317,42493,1.654790201,,,,,,,,,,,,,,,,,,
142077409,1074,92171,55733,1.653795776,,,,,,,,,,,,,,,,,,
62713957,1058,84217,51256,1.643066178,,,,,,,,,,,,,,,,,,
50020742,1016,84072,51210,1.641710603,,,,,,,,,,,,,,,,,,
58282357,1007,76802,46785,1.641594528,,,,,,,,,,,,,,,,,,
240367610,956,78231,47668,1.641163884,,,,,,,,,,,,,,,,,,
189480862,1048,73105,44568,1.640302459,,,,,,,,,,,,,,,,,,
142205704,1155,74172,45312,1.636917373,,,,,,,,,,,,,,,,,,
71700958,961,80440,49300,1.631643002,,,,,,,,,,,,,,,,,,
148828061,1030,85934,52672,1.631493013,,,,,,,,,,,,,,,,,,
127761770,1026,89527,54921,1.63010506,,,,,,,,,,,,,,,,,,
161451397,1035,85924,52754,1.628767487,,,,,,,,,,,,,,,,,,
81305028,1011,80230,49438,1.62284073,,,,,,,,,,,,,,,,,,
79206848,891,79749,49217,1.620354755,,,,,,,,,,,,,,,,,,
71007683,966,83405,51573,1.61722219,,,,,,,,,,,,,,,,,,
98171848,1015,80105,49549,1.616682476,,,,,,,,,,,,,,,,,,
75097024,895,79657,49339,1.614483471,,,,,,,,,,,,,,,,,,
96969102,951,78275,48499,1.613950803,,,,,,,,,,,,,,,,,,
72812451,953,79815,49534,1.611317479,,,,,,,,,,,,,,,,,,
200654003,1147,71401,44356,1.609725854,,,,,,,,,,,,,,,,,,
159964106,1041,77911,48432,1.608667823,,,,,,,,,,,,,,,,,,
183381009,1190,80220,49884,1.608130864,,,,,,,,,,,,,,,,,,
84408315,961,78760,49074,1.604923177,,,,,,,,,,,,,,,,,,
36058347,1061,84437,52853,1.597581973,,,,,,,,,,,,,,,,,,
227393369,981,78061,48913,1.595915196,,,,,,,,,,,,,,,,,,
70858176,881,79228,49707,1.593900255,,,,,,,,,,,,,,,,,,
265698328,989,67999,42671,1.593564716,,,,,,,,,,,,,,,,,,
221649852,1080,77493,48634,1.593391455,,,,,,,,,,,,,,,,,,
243017606,1032,71630,45013,1.591318064,,,,,,,,,,,,,,,,,,
262912288,1116,76129,47880,1.589995823,,,,,,,,,,,,,,,,,,
175667441,1210,81003,50948,1.589915208,,,,,,,,,,,,,,,,,,
80119295,949,78370,49301,1.589622929,,,,,,,,,,,,,,,,,,
48830609,1059,79891,50476,1.582752199,,,,,,,,,,,,,,,,,,
17955139,1090,88639,56282,1.574908496,,,,,,,,,,,,,,,,,,
68867488,1093,91554,58181,1.573606504,,,,,,,,,,,,,,,,,,
61095844,1022,84837,53952,1.572453292,,,,,,,,,,,,,,,,,,
50979603,1027,92561,58952,1.570107884,,,,,,,,,,,,,,,,,,
169492923,1073,89281,56972,1.567103138,,,,,,,,,,,,,,,,,,
250343621,1158,78032,49823,1.566184292,,,,,,,,,,,,,,,,,,
263716102,1110,78387,50364,1.55640934,,,,,,,,,,,,,,,,,,
100162828,914,67261,43365,1.551043468,,,,,,,,,,,,,,,,,,
186298357,1014,80179,51699,1.550881062,,,,,,,,,,,,,,,,,,
94314353,887,88000,56806,1.549132134,,,,,,,,,,,,,,,,,,
10280787,917,89959,58106,1.548187795,,,,,,,,,,,,,,,,,,
203339657,982,83459,54028,1.544736063,,,,,,,,,,,,,,,,,,
82947441,928,73537,47671,1.54259403,,,,,,,,,,,,,,,,,,
225384009,932,70125,45471,1.542191727,,,,,,,,,,,,,,,,,,
190319248,1084,78653,51121,1.538565365,,,,,,,,,,,,,,,,,,
254509586,1080,68503,44720,1.531820215,,,,,,,,,,,,,,,,,,
20225387,1051,94202,61834,1.523466054,,,,,,,,,,,,,,,,,,
193521590,1135,76494,50284,1.52123936,,,,,,,,,,,,,,,,,,
98985368,915,77768,51142,1.520628837,,,,,,,,,,,,,,,,,,
230602558,1125,81284,53470,1.52017954,,,,,,,,,,,,,,,,,,
166258354,1003,77852,51216,1.520071853,,,,,,,,,,,,,,,,,,
238631974,1094,66783,43950,1.519522184,,,,,,,,,,,,,,,,,,
70589826,943,80645,53122,1.518109258,,,,,,,,,,,,,,,,,,
3943881,1004,90784,59820,1.517619525,,,,,,,,,,,,,,,,,,
59756773,953,81307,53596,1.517034853,,,,,,,,,,,,,,,,,,
147577769,964,82197,54290,1.514035734,,,,,,,,,,,,,,,,,,
518307,993,83269,55005,1.513844196,,,,,,,,,,,,,,,,,,
31801175,969,84598,55958,1.511812431,,,,,,,,,,,,,,,,,,
236763555,949,82010,54355,1.50878484,,,,,,,,,,,,,,,,,,
54958027,1012,86625,57568,1.504742218,,,,,,,,,,,,,,,,,,
29184093,979,85239,56711,1.503041738,,,,,,,,,,,,,,,,,,
124168666,898,79163,52712,1.501802246,,,,,,,,,,,,,,,,,,
119173104,1019,79407,52892,1.501304545,,,,,,,,,,,,,,,,,,
164470748,970,81984,54650,1.500164684,,,,,,,,,,,,,,,,,,
27977400,906,73391,48936,1.499734347,,,,,,,,,,,,,,,,,,
40277892,979,84742,56525,1.499195046,,,,,,,,,,,,,,,,,,
9312687,938,82188,54825,1.499097127,,,,,,,,,,,,,,,,,,
249528294,969,82553,55211,1.4952274,,,,,,,,,,,,,,,,,,
162821729,1143,78139,52495,1.488503667,,,,,,,,,,,,,,,,,,
25533399,917,82752,55744,1.484500574,,,,,,,,,,,,,,,,,,
61894469,983,79309,53640,1.478542133,,,,,,,,,,,,,,,,,,
23982691,966,75160,50839,1.478392573,,,,,,,,,,,,,,,,,,
5043148,1013,81334,55069,1.476947103,,,,,,,,,,,,,,,,,,
152434983,1049,76445,51778,1.476399243,,,,,,,,,,,,,,,,,,
139183294,977,85165,57770,1.474208066,,,,,,,,,,,,,,,,,,
24633153,940,85883,58414,1.470246859,,,,,,,,,,,,,,,,,,
108499734,904,69958,47623,1.468996073,,,,,,,,,,,,,,,,,,
142592271,1030,71244,48523,1.468252169,,,,,,,,,,,,,,,,,,
73866677,890,77927,53103,1.467468881,,,,,,,,,,,,,,,,,,
46016718,933,83415,56889,1.466276433,,,,,,,,,,,,,,,,,,
59622327,1002,76973,52539,1.465064048,,,,,,,,,,,,,,,,,,
131755551,954,75401,51495,1.464239247,,,,,,,,,,,,,,,,,,
150047540,1095,80566,55045,1.463638841,,,,,,,,,,,,,,,,,,
202795399,1018,80045,54837,1.459689626,,,,,,,,,,,,,,,,,,
81709682,972,80345,55428,1.44953814,,,,,,,,,,,,,,,,,,
148701579,967,83447,57584,1.449135176,,,,,,,,,,,,,,,,,,
164615371,929,77596,53593,1.447875655,,,,,,,,,,,,,,,,,,
149789482,1001,73771,51070,1.444507539,,,,,,,,,,,,,,,,,,
34588073,841,78589,54509,1.441761911,,,,,,,,,,,,,,,,,,
140373494,983,83629,58019,1.441407125,,,,,,,,,,,,,,,,,,
120908772,886,79132,54929,1.44062335,,,,,,,,,,,,,,,,,,
69664626,915,75642,52567,1.438963608,,,,,,,,,,,,,,,,,,
6093017,961,80745,56114,1.438945718,,,,,,,,,,,,,,,,,,
27006844,911,81589,56748,1.437742299,,,,,,,,,,,,,,,,,,
180948786,1139,74029,51673,1.43264374,,,,,,,,,,,,,,,,,,
150173453,1052,71621,49999,1.432448649,,,,,,,,,,,,,,,,,,
196352550,1145,75614,52817,1.431622394,,,,,,,,,,,,,,,,,,
10959372,1011,87055,60828,1.431166568,,,,,,,,,,,,,,,,,,
34723755,996,86752,60693,1.429357587,,,,,,,,,,,,,,,,,,
70186813,927,83621,58557,1.428027392,,,,,,,,,,,,,,,,,,
94184383,935,77831,54546,1.426887398,,,,,,,,,,,,,,,,,,
54192016,971,84573,59366,1.424603308,,,,,,,,,,,,,,,,,,
248572747,1060,73196,51436,1.423050004,,,,,,,,,,,,,,,,,,
48692244,1022,87351,61742,1.414774384,,,,,,,,,,,,,,,,,,
25157565,917,88393,62498,1.414333259,,,,,,,,,,,,,,,,,,
263980890,1065,66806,47371,1.410272107,,,,,,,,,,,,,,,,,,
246672938,1100,66712,47324,1.409686417,,,,,,,,,,,,,,,,,,
20889007,910,88265,62632,1.409263635,,,,,,,,,,,,,,,,,,
212848975,964,74052,52573,1.408555723,,,,,,,,,,,,,,,,,,
260902893,1021,71298,50664,1.407271435,,,,,,,,,,,,,,,,,,
60307323,938,93668,66637,1.405645512,,,,,,,,,,,,,,,,,,
198241221,1079,73780,52537,1.404343605,,,,,,,,,,,,,,,,,,
263198502,1101,74157,52806,1.404329054,,,,,,,,,,,,,,,,,,
21698451,897,73406,52283,1.404012777,,,,,,,,,,,,,,,,,,
103897058,853,74133,52824,1.403396184,,,,,,,,,,,,,,,,,,
21951873,939,81374,57994,1.403145153,,,,,,,,,,,,,,,,,,
32991125,926,83850,59885,1.400183685,,,,,,,,,,,,,,,,,,
108236178,863,76580,54708,1.399795277,,,,,,,,,,,,,,,,,,
192483472,1119,72415,51734,1.399756446,,,,,,,,,,,,,,,,,,
145694665,1012,87636,62615,1.399600735,,,,,,,,,,,,,,,,,,
219596772,884,75400,53924,1.398264224,,,,,,,,,,,,,,,,,,
23705006,877,83603,59797,1.398113618,,,,,,,,,,,,,,,,,,
80760751,796,64367,46114,1.395823394,,,,,,,,,,,,,,,,,,
201183244,1099,73265,52531,1.394700272,,,,,,,,,,,,,,,,,,
152170462,965,85364,61284,1.392924744,,,,,,,,,,,,,,,,,,
113096836,941,81455,58508,1.392202776,,,,,,,,,,,,,,,,,,
243151779,1053,89204,64088,1.391898639,,,,,,,,,,,,,,,,,,
24229579,959,75633,54375,1.390951724,,,,,,,,,,,,,,,,,,
44512794,1005,86104,61931,1.390321487,,,,,,,,,,,,,,,,,,
151900441,1048,98665,70981,1.390019864,,,,,,,,,,,,,,,,,,
37026556,950,92603,66675,1.388871391,,,,,,,,,,,,,,,,,,
131620197,909,68671,49516,1.386844656,,,,,,,,,,,,,,,,,,
86401273,893,75029,54138,1.385884222,,,,,,,,,,,,,,,,,,
103198309,893,75122,54227,1.385324654,,,,,,,,,,,,,,,,,,
191424409,1113,73948,53596,1.379729831,,,,,,,,,,,,,,,,,,
139065763,963,86180,62559,1.377579565,,,,,,,,,,,,,,,,,,
43577038,884,85957,62426,1.3769423,,,,,,,,,,,,,,,,,,
167744937,1098,92468,67201,1.375991429,,,,,,,,,,,,,,,,,,
159278009,1095,92461,67245,1.374986988,,,,,,,,,,,,,,,,,,
64211903,929,66167,48245,1.37147891,,,,,,,,,,,,,,,,,,
126687302,912,71130,51906,1.370361808,,,,,,,,,,,,,,,,,,
50303448,898,87730,64074,1.369198115,,,,,,,,,,,,,,,,,,
85481462,957,79930,58462,1.36721289,,,,,,,,,,,,,,,,,,
77364340,908,81971,59962,1.367049131,,,,,,,,,,,,,,,,,,
82240355,899,75144,55030,1.365509722,,,,,,,,,,,,,,,,,,
49770422,996,82077,60138,1.364810935,,,,,,,,,,,,,,,,,,
167466694,966,68712,50392,1.36354977,,,,,,,,,,,,,,,,,,
90673887,856,76326,55983,1.363378168,,,,,,,,,,,,,,,,,,
211786517,914,88318,64813,1.362658726,,,,,,,,,,,,,,,,,,
132996411,924,66955,49146,1.362369267,,,,,,,,,,,,,,,,,,
28776206,944,82007,60239,1.36136058,,,,,,,,,,,,,,,,,,
8888035,926,81906,60266,1.359074769,,,,,,,,,,,,,,,,,,
106455361,1064,74095,54585,1.357424201,,,,,,,,,,,,,,,,,,
75374032,831,83962,62060,1.352916532,,,,,,,,,,,,,,,,,,
19847617,894,82118,60712,1.352582685,,,,,,,,,,,,,,,,,,
239978727,979,72848,53999,1.34906202,,,,,,,,,,,,,,,,,,
75896292,937,78935,58527,1.348693765,,,,,,,,,,,,,,,,,,
189762522,894,74469,55291,1.346855727,,,,,,,,,,,,,,,,,,
248703286,1059,77236,57439,1.344661293,,,,,,,,,,,,,,,,,,
246535914,1080,71195,52950,1.344570349,,,,,,,,,,,,,,,,,,
44660829,931,84630,63033,1.342630051,,,,,,,,,,,,,,,,,,
158607294,880,87753,65514,1.339454162,,,,,,,,,,,,,,,,,,
257153254,873,63671,47538,1.339370609,,,,,,,,,,,,,,,,,,
4781724,972,86083,64370,1.33731552,,,,,,,,,,,,,,,,,,
196066258,1036,92410,69296,1.333554606,,,,,,,,,,,,,,,,,,
121040348,859,87817,65861,1.333368761,,,,,,,,,,,,,,,,,,
171764932,1083,79530,59712,1.331893087,,,,,,,,,,,,,,,,,,
50165619,830,76258,57291,1.331064216,,,,,,,,,,,,,,,,,,
173609966,975,87589,65808,1.330977997,,,,,,,,,,,,,,,,,,
83878627,807,81139,60993,1.330300198,,,,,,,,,,,,,,,,,,
143546053,945,89269,67169,1.329020828,,,,,,,,,,,,,,,,,,
91338929,845,64495,48550,1.328424305,,,,,,,,,,,,,,,,,,
190594034,914,82254,61944,1.327876792,,,,,,,,,,,,,,,,,,
1414737,946,83838,63137,1.327874305,,,,,,,,,,,,,,,,,,
122944071,1064,72909,55083,1.323620718,,,,,,,,,,,,,,,,,,
121323968,838,80982,61367,1.319634331,,,,,,,,,,,,,,,,,,
194988577,907,86864,65879,1.318538533,,,,,,,,,,,,,,,,,,
224993030,859,67594,51273,1.318315683,,,,,,,,,,,,,,,,,,
11090379,935,101203,76941,1.315332528,,,,,,,,,,,,,,,,,,
116681864,937,67047,51091,1.312305494,,,,,,,,,,,,,,,,,,
129374043,964,84475,64486,1.309974258,,,,,,,,,,,,,,,,,,
205520615,951,79658,60890,1.308227952,,,,,,,,,,,,,,,,,,
110781988,843,55717,42660,1.306071261,,,,,,,,,,,,,,,,,,
30358465,843,79008,60500,1.305917355,,,,,,,,,,,,,,,,,,
13468522,965,95729,73532,1.301868574,,,,,,,,,,,,,,,,,,
199997463,1036,76678,59052,1.298482693,,,,,,,,,,,,,,,,,,
175266245,987,79332,61138,1.297589061,,,,,,,,,,,,,,,,,,
177664935,968,73462,56861,1.291957581,,,,,,,,,,,,,,,,,,
196487218,1061,71528,55403,1.291049221,,,,,,,,,,,,,,,,,,
216906004,880,65386,50806,1.286973979,,,,,,,,,,,,,,,,,,
88504793,900,81045,63171,1.282946289,,,,,,,,,,,,,,,,,,
33245242,890,72068,56258,1.281026698,,,,,,,,,,,,,,,,,,
173336973,926,79666,62216,1.280474476,,,,,,,,,,,,,,,,,,
1284171,1013,82508,64632,1.27658126,,,,,,,,,,,,,,,,,,
109989708,835,87147,68301,1.275925682,,,,,,,,,,,,,,,,,,
128415451,870,77212,60674,1.272571447,,,,,,,,,,,,,,,,,,
45329583,987,86859,68270,1.272286509,,,,,,,,,,,,,,,,,,
174030414,901,85042,66855,1.272036497,,,,,,,,,,,,,,,,,,
123487854,912,76885,60625,1.268206186,,,,,,,,,,,,,,,,,,
38230185,887,82046,64817,1.265809896,,,,,,,,,,,,,,,,,,
115629974,828,72382,57301,1.263189124,,,,,,,,,,,,,,,,,,
132594069,831,80887,64075,1.262380023,,,,,,,,,,,,,,,,,,
83609234,786,76284,60541,1.260038651,,,,,,,,,,,,,,,,,,
111588432,803,74861,59426,1.259734796,,,,,,,,,,,,,,,,,,
122664444,846,76079,60396,1.259669515,,,,,,,,,,,,,,,,,,
117184419,791,81406,64631,1.259550371,,,,,,,,,,,,,,,,,,
28906913,803,91965,73031,1.259259766,,,,,,,,,,,,,,,,,,
112391087,893,75093,59695,1.257944551,,,,,,,,,,,,,,,,,,
235434311,1021,64373,51175,1.257899365,,,,,,,,,,,,,,,,,,
263585721,992,87089,69300,1.256695527,,,,,,,,,,,,,,,,,,
155108387,1040,90527,72067,1.256150527,,,,,,,,,,,,,,,,,,
180297775,1036,90349,71941,1.255876343,,,,,,,,,,,,,,,,,,
19285961,884,86932,69304,1.254357613,,,,,,,,,,,,,,,,,,
62848389,818,87907,70184,1.252521942,,,,,,,,,,,,,,,,,,
219875231,859,75337,60221,1.251008784,,,,,,,,,,,,,,,,,,
45463282,884,79523,63650,1.249379419,,,,,,,,,,,,,,,,,,
17697783,807,77565,62158,1.247868336,,,,,,,,,,,,,,,,,,
97229412,900,69915,56074,1.24683454,,,,,,,,,,,,,,,,,,
93519291,862,76307,61302,1.244771786,,,,,,,,,,,,,,,,,,
8362903,820,87514,70359,1.243820975,,,,,,,,,,,,,,,,,,
74970763,852,78763,63325,1.243789972,,,,,,,,,,,,,,,,,,
233795289,826,66681,53729,1.241061624,,,,,,,,,,,,,,,,,,
31396087,769,86628,69818,1.240768856,,,,,,,,,,,,,,,,,,
151505317,937,87335,70551,1.237898825,,,,,,,,,,,,,,,,,,
71289221,752,85973,69471,1.237537965,,,,,,,,,,,,,,,,,,
179465586,985,80305,64931,1.236774422,,,,,,,,,,,,,,,,,,
64595461,1038,93969,76020,1.236108919,,,,,,,,,,,,,,,,,,
18356344,1027,95242,77227,1.233273337,,,,,,,,,,,,,,,,,,
239030780,912,91395,74108,1.233267663,,,,,,,,,,,,,,,,,,
210612722,869,79122,64334,1.229862903,,,,,,,,,,,,,,,,,,
47349596,834,75250,61232,1.228932584,,,,,,,,,,,,,,,,,,
264235917,912,90205,73489,1.227462613,,,,,,,,,,,,,,,,,,
91871435,719,70427,57382,1.227336098,,,,,,,,,,,,,,,,,,
175530389,886,86100,70214,1.226251175,,,,,,,,,,,,,,,,,,
220011304,923,78832,64295,1.226098452,,,,,,,,,,,,,,,,,,
128960431,767,81382,66377,1.226057219,,,,,,,,,,,,,,,,,,
264891570,905,65935,53920,1.222830119,,,,,,,,,,,,,,,,,,
202920444,867,78977,64654,1.221533084,,,,,,,,,,,,,,,,,,
19561850,895,79861,65489,1.219456703,,,,,,,,,,,,,,,,,,
3551105,910,88720,72778,1.219049713,,,,,,,,,,,,,,,,,,
120397464,783,71700,58817,1.219035313,,,,,,,,,,,,,,,,,,
220966461,797,67830,55684,1.218123698,,,,,,,,,,,,,,,,,,
36602801,846,83506,68574,1.217750168,,,,,,,,,,,,,,,,,,
24098636,770,71859,59058,1.216753022,,,,,,,,,,,,,,,,,,
226198828,848,60238,49566,1.215308881,,,,,,,,,,,,,,,,,,
153083515,901,77859,64085,1.214933292,,,,,,,,,,,,,,,,,,
17425230,907,77625,63905,1.214693686,,,,,,,,,,,,,,,,,,
175799989,1078,73872,60874,1.213523015,,,,,,,,,,,,,,,,,,
171511923,902,101239,83506,1.212355998,,,,,,,,,,,,,,,,,,
47224787,847,82634,68333,1.209283948,,,,,,,,,,,,,,,,,,
137301976,818,81107,67259,1.205890661,,,,,,,,,,,,,,,,,,
62292743,803,78602,65202,1.205515168,,,,,,,,,,,,,,,,,,
63386745,888,80077,66583,1.202664344,,,,,,,,,,,,,,,,,,
192616918,924,91341,76064,1.200844026,,,,,,,,,,,,,,,,,,
205248102,882,87425,73269,1.193205858,,,,,,,,,,,,,,,,,,
251412634,1007,63229,52997,1.193067532,,,,,,,,,,,,,,,,,,
41916904,799,87125,73046,1.19274156,,,,,,,,,,,,,,,,,,
135239014,875,82279,69092,1.19086146,,,,,,,,,,,,,,,,,,
66726374,825,81900,68800,1.190406977,,,,,,,,,,,,,,,,,,
146110322,944,84887,71404,1.188826956,,,,,,,,,,,,,,,,,,
20606952,739,86502,72912,1.186389072,,,,,,,,,,,,,,,,,,
120646626,757,75828,64136,1.182300112,,,,,,,,,,,,,,,,,,
194460563,847,73057,61802,1.182113847,,,,,,,,,,,,,,,,,,
783046,839,55648,47196,1.179082973,,,,,,,,,,,,,,,,,,
5296032,886,81257,68935,1.178748096,,,,,,,,,,,,,,,,,,
245072429,857,82308,70042,1.175123497,,,,,,,,,,,,,,,,,,
120513225,823,75122,64007,1.173652882,,,,,,,,,,,,,,,,,,
49234651,915,73510,62672,1.172932091,,,,,,,,,,,,,,,,,,
164203859,791,74634,63658,1.172421377,,,,,,,,,,,,,,,,,,
104827894,736,84766,72369,1.17130263,,,,,,,,,,,,,,,,,,
61238990,836,86560,73949,1.170536451,,,,,,,,,,,,,,,,,,
100546032,732,84700,72414,1.169663325,,,,,,,,,,,,,,,,,,
111992656,841,79345,67879,1.168918222,,,,,,,,,,,,,,,,,,
211524446,819,80122,68582,1.168265726,,,,,,,,,,,,,,,,,,
61763753,762,80855,69228,1.167952274,,,,,,,,,,,,,,,,,,
264634774,832,82656,70934,1.165252206,,,,,,,,,,,,,,,,,,
83469494,726,75388,64701,1.16517519,,,,,,,,,,,,,,,,,,
46560871,873,79179,68019,1.164071803,,,,,,,,,,,,,,,,,,
237441990,923,85243,73259,1.163583997,,,,,,,,,,,,,,,,,,
156417403,741,70889,60953,1.163010844,,,,,,,,,,,,,,,,,,
186162692,836,105804,91091,1.161519799,,,,,,,,,,,,,,,,,,
94840285,817,82385,70970,1.16084261,,,,,,,,,,,,,,,,,,
260510614,832,82485,71092,1.160257132,,,,,,,,,,,,,,,,,,
65503926,817,86050,74204,1.15964099,,,,,,,,,,,,,,,,,,
96833372,762,72007,62169,1.158246071,,,,,,,,,,,,,,,,,,
112679315,712,85160,73545,1.157930519,,,,,,,,,,,,,,,,,,
197033832,913,92155,80008,1.151822318,,,,,,,,,,,,,,,,,,
72261092,844,78278,68063,1.150081542,,,,,,,,,,,,,,,,,,
182436466,835,83962,73007,1.150054104,,,,,,,,,,,,,,,,,,
40958130,775,82724,72065,1.147908138,,,,,,,,,,,,,,,,,,
84139692,761,70705,61605,1.147715283,,,,,,,,,,,,,,,,,,
259313490,825,65202,56812,1.147680068,,,,,,,,,,,,,,,,,,
126950174,740,75174,65536,1.147064209,,,,,,,,,,,,,,,,,,
26861603,841,85691,74782,1.14587735,,,,,,,,,,,,,,,,,,
69933661,828,97345,84969,1.145653121,,,,,,,,,,,,,,,,,,
25794158,897,85464,74634,1.145108128,,,,,,,,,,,,,,,,,,
169210753,841,82065,71758,1.143635553,,,,,,,,,,,,,,,,,,
226471546,852,89111,78104,1.140927481,,,,,,,,,,,,,,,,,,
11501408,705,86276,75659,1.140326993,,,,,,,,,,,,,,,,,,
1689125,837,85419,74923,1.140090493,,,,,,,,,,,,,,,,,,
192222786,792,79113,69401,1.139940347,,,,,,,,,,,,,,,,,,
34058445,810,84489,74190,1.138819248,,,,,,,,,,,,,,,,,,
108375437,665,95886,84223,1.138477613,,,,,,,,,,,,,,,,,,
181081913,933,74659,65600,1.138094512,,,,,,,,,,,,,,,,,,
21288837,848,76165,66952,1.137606046,,,,,,,,,,,,,,,,,,
164068823,831,88452,77823,1.13657916,,,,,,,,,,,,,,,,,,
143011281,835,88544,77967,1.135659959,,,,,,,,,,,,,,,,,,
108612570,698,80185,70637,1.135169953,,,,,,,,,,,,,,,,,,
190734155,778,65809,58007,1.134501008,,,,,,,,,,,,,,,,,,
144352129,918,93018,82025,1.134020116,,,,,,,,,,,,,,,,,,
190445226,801,79435,70061,1.133797691,,,,,,,,,,,,,,,,,,
115220254,749,72953,64345,1.133778848,,,,,,,,,,,,,,,,,,
242477737,862,79112,69798,1.133442219,,,,,,,,,,,,,,,,,,
56287027,823,79923,70518,1.133370203,,,,,,,,,,,,,,,,,,
238892658,875,86280,76158,1.132907902,,,,,,,,,,,,,,,,,,
55374666,747,75091,66346,1.131809001,,,,,,,,,,,,,,,,,,
17550689,829,84920,75056,1.131421872,,,,,,,,,,,,,,,,,,
149366593,961,86329,76308,1.131323059,,,,,,,,,,,,,,,,,,
46824119,845,86518,76482,1.131220418,,,,,,,,,,,,,,,,,,
188160998,862,86294,76375,1.12987234,,,,,,,,,,,,,,,,,,
79068677,744,74543,65977,1.129833124,,,,,,,,,,,,,,,,,,
45594524,794,84895,75268,1.12790296,,,,,,,,,,,,,,,,,,
219733888,827,77739,68962,1.127272991,,,,,,,,,,,,,,,,,,
207414972,860,73042,64805,1.12710439,,,,,,,,,,,,,,,,,,
119983949,782,73494,65238,1.12655201,,,,,,,,,,,,,,,,,,
216512674,885,82783,73494,1.12639127,,,,,,,,,,,,,,,,,,
166118733,963,85766,76162,1.12609963,,,,,,,,,,,,,,,,,,
87836124,719,81367,72272,1.125844034,,,,,,,,,,,,,,,,,,
171111942,801,91445,81247,1.125518481,,,,,,,,,,,,,,,,,,
207557641,762,81913,72816,1.124931334,,,,,,,,,,,,,,,,,,
257834013,763,81836,72835,1.123580696,,,,,,,,,,,,,,,,,,
5692173,812,55671,49548,1.123577137,,,,,,,,,,,,,,,,,,
247348587,878,78854,70284,1.121933868,,,,,,,,,,,,,,,,,,
98041641,700,78786,70239,1.121684534,,,,,,,,,,,,,,,,,,
39189548,961,74215,66184,1.121343527,,,,,,,,,,,,,,,,,,
200390625,900,80720,71996,1.121173399,,,,,,,,,,,,,,,,,,
213507936,902,85664,76432,1.120787105,,,,,,,,,,,,,,,,,,
249120303,836,79235,70721,1.120388569,,,,,,,,,,,,,,,,,,
255170435,796,81230,72595,1.118947586,,,,,,,,,,,,,,,,,,
41090443,685,87392,78103,1.118932691,,,,,,,,,,,,,,,,,,
205381342,826,73192,65447,1.118340031,,,,,,,,,,,,,,,,,,
161873602,948,85416,76436,1.117483908,,,,,,,,,,,,,,,,,,
131234129,751,70906,63479,1.116999323,,,,,,,,,,,,,,,,,,
182176793,838,85834,76872,1.116583411,,,,,,,,,,,,,,,,,,
156962856,855,74676,66897,1.116283241,,,,,,,,,,,,,,,,,,
138919493,909,88780,79595,1.115396696,,,,,,,,,,,,,,,,,,
26459990,697,83361,74764,1.114988497,,,,,,,,,,,,,,,,,,
259714144,825,85092,76323,1.114893282,,,,,,,,,,,,,,,,,,
147314244,883,88870,79748,1.114385314,,,,,,,,,,,,,,,,,,
163369375,900,92557,83088,1.113963509,,,,,,,,,,,,,,,,,,
172418628,885,88751,79805,1.112098239,,,,,,,,,,,,,,,,,,
125491640,786,76696,69017,1.111262443,,,,,,,,,,,,,,,,,,
212307632,874,81936,73797,1.110289036,,,,,,,,,,,,,,,,,,
148300700,811,83936,75605,1.110191125,,,,,,,,,,,,,,,,,,
86925054,784,74702,67296,1.110051117,,,,,,,,,,,,,,,,,,
23555157,837,88198,79460,1.109967279,,,,,,,,,,,,,,,,,,
102649130,834,86461,77914,1.109697872,,,,,,,,,,,,,,,,,,
182040191,798,106129,95773,1.108130684,,,,,,,,,,,,,,,,,,
13073195,793,76574,69160,1.107200694,,,,,,,,,,,,,,,,,,
200787551,912,85065,76896,1.106234395,,,,,,,,,,,,,,,,,,
148429421,794,105839,95712,1.105807004,,,,,,,,,,,,,,,,,,
64864323,700,59154,53506,1.105558255,,,,,,,,,,,,,,,,,,
39453204,733,69780,63126,1.105408231,,,,,,,,,,,,,,,,,,
73214399,775,75900,68686,1.105028681,,,,,,,,,,,,,,,,,,
135775139,728,83744,75836,1.104277652,,,,,,,,,,,,,,,,,,
168948230,826,102154,92601,1.103163033,,,,,,,,,,,,,,,,,,
221242456,786,74908,67938,1.102593541,,,,,,,,,,,,,,,,,,
107296562,754,70212,63740,1.101537496,,,,,,,,,,,,,,,,,,
59229459,869,79521,72250,1.100636678,,,,,,,,,,,,,,,,,,
18642667,805,80561,73207,1.100454875,,,,,,,,,,,,,,,,,,
101603835,665,76556,69584,1.100195447,,,,,,,,,,,,,,,,,,
201317622,871,90164,81986,1.099748738,,,,,,,,,,,,,,,,,,
115754408,791,80536,73276,1.099077461,,,,,,,,,,,,,,,,,,
171640800,856,92988,84761,1.097061148,,,,,,,,,,,,,,,,,,
35529356,850,81974,74725,1.097009033,,,,,,,,,,,,,,,,,,
246403827,946,72606,66204,1.096701106,,,,,,,,,,,,,,,,,,
213117353,759,74647,68072,1.096588906,,,,,,,,,,,,,,,,,,
244549917,847,70673,64466,1.096283312,,,,,,,,,,,,,,,,,,
144080689,819,76326,69631,1.096149703,,,,,,,,,,,,,,,,,,
240757929,825,80282,73392,1.093879442,,,,,,,,,,,,,,,,,,
189217314,907,86694,79339,1.092703462,,,,,,,,,,,,,,,,,,
22760872,652,60878,55804,1.090925382,,,,,,,,,,,,,,,,,,
34456218,764,84096,77159,1.089905261,,,,,,,,,,,,,,,,,,
262648911,843,82848,76283,1.086061115,,,,,,,,,,,,,,,,,,
218530371,815,83439,76849,1.08575258,,,,,,,,,,,,,,,,,,
64996898,813,55630,51268,1.085082313,,,,,,,,,,,,,,,,,,
211663735,794,81598,75203,1.085036501,,,,,,,,,,,,,,,,,,
256331863,818,83390,76859,1.084973783,,,,,,,,,,,,,,,,,,
187096646,905,89113,82252,1.083414385,,,,,,,,,,,,,,,,,,
162003040,904,89058,82207,1.083338402,,,,,,,,,,,,,,,,,,
35119363,802,82001,75723,1.082907439,,,,,,,,,,,,,,,,,,
214310479,817,83298,76940,1.08263582,,,,,,,,,,,,,,,,,,
210359484,796,81668,75449,1.08242654,,,,,,,,,,,,,,,,,,
250071167,813,82058,75837,1.082031198,,,,,,,,,,,,,,,,,,
45878193,777,84805,78463,1.080827906,,,,,,,,,,,,,,,,,,
96304839,710,71820,66499,1.080016241,,,,,,,,,,,,,,,,,,
25023694,726,62804,58167,1.079718741,,,,,,,,,,,,,,,,,,
171380841,796,97715,90541,1.079234822,,,,,,,,,,,,,,,,,,
42890408,718,80947,75081,1.078128954,,,,,,,,,,,,,,,,,,
212578699,757,81607,75790,1.07675155,,,,,,,,,,,,,,,,,,
241695821,843,82498,76634,1.076519561,,,,,,,,,,,,,,,,,,
74408210,936,72844,67707,1.075871033,,,,,,,,,,,,,,,,,,
105099246,731,81568,75817,1.0758537,,,,,,,,,,,,,,,,,,
60559389,890,89656,83608,1.072337575,,,,,,,,,,,,,,,,,,
13213977,752,84772,79059,1.072262488,,,,,,,,,,,,,,,,,,
57076355,769,80721,75314,1.071792761,,,,,,,,,,,,,,,,,,
256741175,823,57989,54152,1.070856109,,,,,,,,,,,,,,,,,,
245861425,842,81979,76572,1.070613279,,,,,,,,,,,,,,,,,,
199725007,850,88925,83136,1.069632891,,,,,,,,,,,,,,,,,,
224863871,808,81609,76307,1.069482485,,,,,,,,,,,,,,,,,,
99796789,733,65022,60804,1.069370436,,,,,,,,,,,,,,,,,,
27692820,827,77866,72857,1.068751115,,,,,,,,,,,,,,,,,,
244246187,805,84416,79041,1.068002682,,,,,,,,,,,,,,,,,,
97908533,781,72979,68336,1.06794369,,,,,,,,,,,,,,,,,,
243700171,769,84967,79594,1.067505088,,,,,,,,,,,,,,,,,,
248440828,767,85201,79868,1.066772675,,,,,,,,,,,,,,,,,,
150442237,919,83904,78695,1.066192261,,,,,,,,,,,,,,,,,,
242754048,820,88721,83232,1.065948193,,,,,,,,,,,,,,,,,,
24497070,679,80340,75467,1.06457127,,,,,,,,,,,,,,,,,,
264499688,825,80982,76086,1.064348238,,,,,,,,,,,,,,,,,,
191273238,879,84033,79001,1.063695396,,,,,,,,,,,,,,,,,,
74554431,700,67497,63459,1.063631636,,,,,,,,,,,,,,,,,,
102386411,792,80027,75262,1.063312163,,,,,,,,,,,,,,,,,,
222165305,747,70631,66429,1.063255506,,,,,,,,,,,,,,,,,,
113889185,748,71984,67739,1.062667001,,,,,,,,,,,,,,,,,,
159819052,887,86848,81776,1.062023087,,,,,,,,,,,,,,,,,,
191946531,774,83319,78502,1.061361494,,,,,,,,,,,,,,,,,,
255818563,803,74510,70222,1.061063484,,,,,,,,,,,,,,,,,,
112961413,718,84946,80098,1.060525856,,,,,,,,,,,,,,,,,,
14153601,633,81413,76795,1.060134123,,,,,,,,,,,,,,,,,,
173893133,768,83174,78603,1.058152997,,,,,,,,,,,,,,,,,,
77242686,767,81057,76641,1.05761929,,,,,,,,,,,,,,,,,,
169631810,779,88401,83610,1.057301758,,,,,,,,,,,,,,,,,,
254640617,844,63415,60005,1.056828598,,,,,,,,,,,,,,,,,,
174569647,902,86442,81877,1.055754363,,,,,,,,,,,,,,,,,,
6482860,800,80263,76043,1.055494917,,,,,,,,,,,,,,,,,,
6741636,748,78537,74457,1.054796728,,,,,,,,,,,,,,,,,,
200136200,830,65962,62537,1.054767578,,,,,,,,,,,,,,,,,,
198650265,789,69739,66411,1.05011218,,,,,,,,,,,,,,,,,,
261034466,743,75820,72301,1.048671526,,,,,,,,,,,,,,,,,,
4638885,752,79203,75589,1.047811189,,,,,,,,,,,,,,,,,,
169078058,733,90693,86642,1.046755615,,,,,,,,,,,,,,,,,,
233249247,782,86952,83091,1.046467126,,,,,,,,,,,,,,,,,,
251142037,809,86835,83003,1.046167006,,,,,,,,,,,,,,,,,,
217980185,799,85336,81639,1.045284729,,,,,,,,,,,,,,,,,,
26728150,637,79937,76550,1.044245591,,,,,,,,,,,,,,,,,,
31252192,739,71685,68678,1.043784036,,,,,,,,,,,,,,,,,,
63939113,678,75046,71914,1.04355202,,,,,,,,,,,,,,,,,,
12560927,707,83064,79662,1.04270543,,,,,,,,,,,,,,,,,,
139746118,689,76255,73192,1.041848836,,,,,,,,,,,,,,,,,,
120119225,612,68069,65340,1.041766146,,,,,,,,,,,,,,,,,,
247888648,744,80061,76885,1.041308448,,,,,,,,,,,,,,,,,,
142459961,808,88223,84874,1.039458491,,,,,,,,,,,,,,,,,,
8619001,736,92939,89434,1.039190912,,,,,,,,,,,,,,,,,,
222020688,812,85985,82811,1.038328241,,,,,,,,,,,,,,,,,,
157794403,806,88054,84960,1.036417137,,,,,,,,,,,,,,,,,,
136736355,806,88179,85116,1.035986184,,,,,,,,,,,,,,,,,,
104568316,724,84089,81244,1.035017971,,,,,,,,,,,,,,,,,,
84663377,945,75242,72755,1.034183218,,,,,,,,,,,,,,,,,,
205934979,723,82654,79932,1.034053946,,,,,,,,,,,,,,,,,,
41379348,769,73801,71426,1.033251197,,,,,,,,,,,,,,,,,,
215655687,901,73250,70908,1.033028713,,,,,,,,,,,,,,,,,,
66998799,699,82676,80066,1.032598107,,,,,,,,,,,,,,,,,,
235299540,766,83590,80965,1.032421417,,,,,,,,,,,,,,,,,,
126810472,622,73479,71189,1.032167891,,,,,,,,,,,,,,,,,,
254236580,793,85547,82947,1.031345317,,,,,,,,,,,,,,,,,,
649228,976,89927,87271,1.030433936,,,,,,,,,,,,,,,,,,
52405853,773,55115,53493,1.030321724,,,,,,,,,,,,,,,,,,
64464325,636,80559,78191,1.030284815,,,,,,,,,,,,,,,,,,
126154490,741,72862,70755,1.029778814,,,,,,,,,,,,,,,,,,
238506330,728,85349,82884,1.02974036,,,,,,,,,,,,,,,,,,
64716395,748,54611,53066,1.029114687,,,,,,,,,,,,,,,,,,
173204819,750,77410,75271,1.028417319,,,,,,,,,,,,,,,,,,
224731132,759,80587,78370,1.028288886,,,,,,,,,,,,,,,,,,
66473179,770,64562,62807,1.027942745,,,,,,,,,,,,,,,,,,
37289628,713,82204,79976,1.027858358,,,,,,,,,,,,,,,,,,
239568771,715,82326,80233,1.026086523,,,,,,,,,,,,,,,,,,
223385765,731,65050,63403,1.025976689,,,,,,,,,,,,,,,,,,
121595681,664,74135,72259,1.025962164,,,,,,,,,,,,,,,,,,
167208813,808,86794,84643,1.025412615,,,,,,,,,,,,,,,,,,
126025008,713,69519,67827,1.024945818,,,,,,,,,,,,,,,,,,
191554221,834,83699,81699,1.024480104,,,,,,,,,,,,,,,,,,
229009316,781,85247,83218,1.024381744,,,,,,,,,,,,,,,,,,
100041253,671,60986,59576,1.023667249,,,,,,,,,,,,,,,,,,
101346984,691,76646,74938,1.022792175,,,,,,,,,,,,,,,,,,
182697401,873,92914,90877,1.022414912,,,,,,,,,,,,,,,,,,
163507496,903,64937,63542,1.021953983,,,,,,,,,,,,,,,,,,
223920470,736,74742,73335,1.019185928,,,,,,,,,,,,,,,,,,
74691286,666,78662,77234,1.018489266,,,,,,,,,,,,,,,,,,
12298793,684,86425,85061,1.016035551,,,,,,,,,,,,,,,,,,
64335413,692,74104,73003,1.015081572,,,,,,,,,,,,,,,,,,
54689778,791,77417,76306,1.014559799,,,,,,,,,,,,,,,,,,
174304706,865,93058,91770,1.014035088,,,,,,,,,,,,,,,,,,
82667143,656,78355,77303,1.013608786,,,,,,,,,,,,,,,,,,
228073172,733,74517,73518,1.013588509,,,,,,,,,,,,,,,,,,
198377353,748,70199,69315,1.012753372,,,,,,,,,,,,,,,,,,
222293250,720,82576,81538,1.012730261,,,,,,,,,,,,,,,,,,
43439965,689,81208,80192,1.012669593,,,,,,,,,,,,,,,,,,
170295031,785,87125,86056,1.012422144,,,,,,,,,,,,,,,,,,
125354023,615,74230,73372,1.011693834,,,,,,,,,,,,,,,,,,
155380633,691,80342,79483,1.010807342,,,,,,,,,,,,,,,,,,
258358679,732,84083,83194,1.010685867,,,,,,,,,,,,,,,,,,
265419062,879,63939,63309,1.009951192,,,,,,,,,,,,,,,,,,
176581367,768,89823,88963,1.00966694,,,,,,,,,,,,,,,,,,
52674337,720,77503,76797,1.009193067,,,,,,,,,,,,,,,,,,
18084720,778,76186,75568,1.008178065,,,,,,,,,,,,,,,,,,
208095576,728,82471,81863,1.007427043,,,,,,,,,,,,,,,,,,
200919262,811,94946,94312,1.006722368,,,,,,,,,,,,,,,,,,
12161085,677,86080,85526,1.006477562,,,,,,,,,,,,,,,,,,
129637235,745,67569,67143,1.006344667,,,,,,,,,,,,,,,,,,
92007587,627,74197,73758,1.005951897,,,,,,,,,,,,,,,,,,
165167692,806,88065,87549,1.005893842,,,,,,,,,,,,,,,,,,
247072053,930,62448,62114,1.00537721,,,,,,,,,,,,,,,,,,
137705167,720,76418,76119,1.00392806,,,,,,,,,,,,,,,,,,
92685835,774,70660,70443,1.003080505,,,,,,,,,,,,,,,,,,
204576628,712,88833,88586,1.002788251,,,,,,,,,,,,,,,,,,
9039993,938,88904,88691,1.002401597,,,,,,,,,,,,,,,,,,
46952292,733,67011,66909,1.001524459,,,,,,,,,,,,,,,,,,
199052838,769,84495,84392,1.001220495,,,,,,,,,,,,,,,,,,
212037158,806,79806,79849,0.999461484,,,,,,,,,,,,,,,,,,
42195101,717,83221,83515,0.996479674,,,,,,,,,,,,,,,,,,
155652252,722,81127,81477,0.995704309,,,,,,,,,,,,,,,,,,
182301390,751,91916,92410,0.994654258,,,,,,,,,,,,,,,,,,
202664179,704,77339,77769,0.994470805,,,,,,,,,,,,,,,,,,
14841609,744,81572,82146,0.993012441,,,,,,,,,,,,,,,,,,
166523151,677,73868,74395,0.992916191,,,,,,,,,,,,,,,,,,
1951445,713,52648,53028,0.992833975,,,,,,,,,,,,,,,,,,
31000400,667,82750,83349,0.992813351,,,,,,,,,,,,,,,,,,
156818973,768,86898,87536,0.99271157,,,,,,,,,,,,,,,,,,
206069061,779,59083,59563,0.991941306,,,,,,,,,,,,,,,,,,
54309336,699,87440,88178,0.991630565,,,,,,,,,,,,,,,,,,
231004090,741,78432,79113,0.991392059,,,,,,,,,,,,,,,,,,
152574475,765,86873,87637,0.991282221,,,,,,,,,,,,,,,,,,
197590337,772,86133,86892,0.991265019,,,,,,,,,,,,,,,,,,
203209072,737,78114,78836,0.990841747,,,,,,,,,,,,,,,,,,
163104527,726,92781,93665,0.99056211,,,,,,,,,,,,,,,,,,
17295420,795,78855,79738,0.988926233,,,,,,,,,,,,,,,,,,
109445987,712,71374,72196,0.988614328,,,,,,,,,,,,,,,,,,
101092893,766,70230,71064,0.9882641,,,,,,,,,,,,,,,,,,
258630122,683,75568,76468,0.988230371,,,,,,,,,,,,,,,,,,
258766666,731,61847,62747,0.985656685,,,,,,,,,,,,,,,,,,
178646095,871,84443,85672,0.98565459,,,,,,,,,,,,,,,,,,
63257718,745,74786,75951,0.984661163,,,,,,,,,,,,,,,,,,
184978631,778,86620,88063,0.983614004,,,,,,,,,,,,,,,,,,
262508071,821,80008,81379,0.983152902,,,,,,,,,,,,,,,,,,
10130018,681,85897,87400,0.982803204,,,,,,,,,,,,,,,,,,
34851564,704,89120,90690,0.982688279,,,,,,,,,,,,,,,,,,
93791572,654,99781,101666,0.981458895,,,,,,,,,,,,,,,,,,
178098371,768,95616,97504,0.980636692,,,,,,,,,,,,,,,,,,
29047375,739,71100,72506,0.980608501,,,,,,,,,,,,,,,,,,
244946766,789,77442,78992,0.98037776,,,,,,,,,,,,,,,,,,
74262472,822,73297,74788,0.980063647,,,,,,,,,,,,,,,,,,
134674460,724,88771,90600,0.979812362,,,,,,,,,,,,,,,,,,
21428269,757,82412,84124,0.979649089,,,,,,,,,,,,,,,,,,
136062203,681,105860,108084,0.979423411,,,,,,,,,,,,,,,,,,
175933519,792,76680,78298,0.97933536,,,,,,,,,,,,,,,,,,
59359572,645,74815,76423,0.978959214,,,,,,,,,,,,,,,,,,
174983668,766,88722,90754,0.977609802,,,,,,,,,,,,,,,,,,
36469202,710,84524,86503,0.977122181,,,,,,,,,,,,,,,,,,
5173580,721,69750,71517,0.975292588,,,,,,,,,,,,,,,,,,
215113887,809,56091,57512,0.975292113,,,,,,,,,,,,,,,,,,
234076111,688,83121,85387,0.973462002,,,,,,,,,,,,,,,,,,
209021674,743,68108,70050,0.972276945,,,,,,,,,,,,,,,,,,
152709167,728,79997,82348,0.97145043,,,,,,,,,,,,,,,,,,
43040284,714,91923,94637,0.971321999,,,,,,,,,,,,,,,,,,
147055755,650,84082,86619,0.970710814,,,,,,,,,,,,,,,,,,
85350478,775,68734,70810,0.970682107,,,,,,,,,,,,,,,,,,
267971233,813,79778,82293,0.96943847,,,,,,,,,,,,,,,,,,
145045077,789,86796,89598,0.968726981,,,,,,,,,,,,,,,,,,
68610293,715,74508,76969,0.968026088,,,,,,,,,,,,,,,,,,
268114388,766,82275,85312,0.964401257,,,,,,,,,,,,,,,,,,
186809026,760,81354,84444,0.963407702,,,,,,,,,,,,,,,,,,
143416707,685,79499,82630,0.962108193,,,,,,,,,,,,,,,,,,
196626028,728,94168,97877,0.9621055,,,,,,,,,,,,,,,,,,
262774776,730,86845,90277,0.961983672,,,,,,,,,,,,,,,,,,
48557226,658,77719,80936,0.960252545,,,,,,,,,,,,,,,,,,
84534552,657,74964,78073,0.960178295,,,,,,,,,,,,,,,,,,
209959400,676,82453,85874,0.960162564,,,,,,,,,,,,,,,,,,
179596117,746,85750,89344,0.95977346,,,,,,,,,,,,,,,,,,
32729547,711,70450,73476,0.958816484,,,,,,,,,,,,,,,,,,
102133307,700,77875,81234,0.958650319,,,,,,,,,,,,,,,,,,
207285887,667,68227,71254,0.957518174,,,,,,,,,,,,,,,,,,
237697673,752,86514,90399,0.957023861,,,,,,,,,,,,,,,,,,
91465453,673,69396,72547,0.956566088,,,,,,,,,,,,,,,,,,
48140397,604,52915,55359,0.955851804,,,,,,,,,,,,,,,,,,
145177730,780,88503,92615,0.955601145,,,,,,,,,,,,,,,,,,
153500920,715,85645,89687,0.954932153,,,,,,,,,,,,,,,,,,
117700874,696,70130,73594,0.952930945,,,,,,,,,,,,,,,,,,
181373198,778,72539,76126,0.95288075,,,,,,,,,,,,,,,,,,
172549770,716,90799,95459,0.95118323,,,,,,,,,,,,,,,,,,
110115120,637,73043,76802,0.951055962,,,,,,,,,,,,,,,,,,
135917734,753,58829,61879,0.950710257,,,,,,,,,,,,,,,,,,
131099578,698,57057,60035,0.950395603,,,,,,,,,,,,,,,,,,
235157809,691,78476,82790,0.947892258,,,,,,,,,,,,,,,,,,
138238979,743,90660,95672,0.947612677,,,,,,,,,,,,,,,,,,
199446503,725,79005,83485,0.946337665,,,,,,,,,,,,,,,,,,
254111578,699,80107,84768,0.945014628,,,,,,,,,,,,,,,,,,
192078065,667,77683,82264,0.94431343,,,,,,,,,,,,,,,,,,
180014048,754,91703,97111,0.944311149,,,,,,,,,,,,,,,,,,
93924377,667,70150,74325,0.943827783,,,,,,,,,,,,,,,,,,
182975515,710,86024,91225,0.94298712,,,,,,,,,,,,,,,,,,
139995407,670,85725,90987,0.942167562,,,,,,,,,,,,,,,,,,
174438282,671,81028,86030,0.941857492,,,,,,,,,,,,,,,,,,
161723807,694,83695,88864,0.941832463,,,,,,,,,,,,,,,,,,
195522049,714,85944,91288,0.941459995,,,,,,,,,,,,,,,,,,
105622265,667,97496,103595,0.941126502,,,,,,,,,,,,,,,,,,
195929263,735,84601,90013,0.939875351,,,,,,,,,,,,,,,,,,
125755931,619,76467,81420,0.939167281,,,,,,,,,,,,,,,,,,
110631526,687,70595,75211,0.938625999,,,,,,,,,,,,,,,,,,
150576346,780,80750,86097,0.937895629,,,,,,,,,,,,,,,,,,
154710043,729,91498,97702,0.936500788,,,,,,,,,,,,,,,,,,
193405286,688,86662,92586,0.936016244,,,,,,,,,,,,,,,,,,
29829491,702,73201,78302,0.934854793,,,,,,,,,,,,,,,,,,
168170356,680,83922,89793,0.934616284,,,,,,,,,,,,,,,,,,
91745024,604,78210,83724,0.934140748,,,,,,,,,,,,,,,,,,
166655141,622,70906,76007,0.93288776,,,,,,,,,,,,,,,,,,
65918368,683,76346,81884,0.93236774,,,,,,,,,,,,,,,,,,
117841144,732,68539,73588,0.93138827,,,,,,,,,,,,,,,,,,
256880370,659,71591,76930,0.930599246,,,,,,,,,,,,,,,,,,
113763005,722,74848,80599,0.928646757,,,,,,,,,,,,,,,,,,
248020536,799,59110,63703,0.927899785,,,,,,,,,,,,,,,,,,
3683050,613,92386,99572,0.927831117,,,,,,,,,,,,,,,,,,
20481793,640,80338,86822,0.925318468,,,,,,,,,,,,,,,,,,
240113875,639,69825,75462,0.925300151,,,,,,,,,,,,,,,,,,
59485849,669,63450,68592,0.92503499,,,,,,,,,,,,,,,,,,
247211764,705,85293,92228,0.924805916,,,,,,,,,,,,,,,,,,
3288671,711,86257,93314,0.92437362,,,,,,,,,,,,,,,,,,
126288606,681,67160,72698,0.923821838,,,,,,,,,,,,,,,,,,
130453173,680,66986,72515,0.923753706,,,,,,,,,,,,,,,,,,
104693011,595,79000,85664,0.922207695,,,,,,,,,,,,,,,,,,
128823525,684,78286,84943,0.921629799,,,,,,,,,,,,,,,,,,
58951568,676,73810,80100,0.921473159,,,,,,,,,,,,,,,,,,
27567727,766,77181,83812,0.920882451,,,,,,,,,,,,,,,,,,
100418898,672,58309,63431,0.919250839,,,,,,,,,,,,,,,,,,
30619597,580,75497,82231,0.918108742,,,,,,,,,,,,,,,,,,
37154561,520,82821,90248,0.917704547,,,,,,,,,,,,,,,,,,
147718806,692,74242,80978,0.916816913,,,,,,,,,,,,,,,,,,
184057475,680,90399,98610,0.916732583,,,,,,,,,,,,,,,,,,
15124523,620,79254,86490,0.916337149,,,,,,,,,,,,,,,,,,
96040116,551,68799,75090,0.916220535,,,,,,,,,,,,,,,,,,
78026943,667,73962,80774,0.915665932,,,,,,,,,,,,,,,,,,
201592663,677,81298,88838,0.91512641,,,,,,,,,,,,,,,,,,
122543192,577,70353,76959,0.914162086,,,,,,,,,,,,,,,,,,
231271981,623,67663,74021,0.914105457,,,,,,,,,,,,,,,,,,
233111513,652,83498,91407,0.913474898,,,,,,,,,,,,,,,,,,
139603904,657,98213,107516,0.913473344,,,,,,,,,,,,,,,,,,
76708086,628,74791,81986,0.912241114,,,,,,,,,,,,,,,,,,
186548999,668,73710,80827,0.91194774,,,,,,,,,,,,,,,,,,
96701904,610,73955,81122,0.911651586,,,,,,,,,,,,,,,,,,
3149770,762,94620,103830,0.911297313,,,,,,,,,,,,,,,,,,
179861236,656,93860,102997,0.911288678,,,,,,,,,,,,,,,,,,
249262953,643,73112,80231,0.911268712,,,,,,,,,,,,,,,,,,
236107332,619,89247,97976,0.910906753,,,,,,,,,,,,,,,,,,
252901592,641,74372,81659,0.910763051,,,,,,,,,,,,,,,,,,
234341104,672,75696,83170,0.910135866,,,,,,,,,,,,,,,,,,
260632618,717,77752,85475,0.909646095,,,,,,,,,,,,,,,,,,
150844172,810,67896,74654,0.909475715,,,,,,,,,,,,,,,,,,
14010632,733,57635,63375,0.909428008,,,,,,,,,,,,,,,,,,
260368724,687,78263,86160,0.90834494,,,,,,,,,,,,,,,,,,
222558034,679,76751,84529,0.907984242,,,,,,,,,,,,,,,,,,
11892762,692,97362,107284,0.907516498,,,,,,,,,,,,,,,,,,
123078291,695,68287,75265,0.907287584,,,,,,,,,,,,,,,,,,
102921614,685,71556,78900,0.906920152,,,,,,,,,,,,,,,,,,
199584660,675,77566,85590,0.90625073,,,,,,,,,,,,,,,,,,
229276619,617,66556,73456,0.906066217,,,,,,,,,,,,,,,,,,
195394488,664,86119,95058,0.905962675,,,,,,,,,,,,,,,,,,
5433486,675,73008,80602,0.905783976,,,,,,,,,,,,,,,,,,
220825076,691,79712,88106,0.904728395,,,,,,,,,,,,,,,,,,
184704554,715,81991,90625,0.904728276,,,,,,,,,,,,,,,,,,
241564617,638,83068,91844,0.90444667,,,,,,,,,,,,,,,,,,
45060103,600,75942,84147,0.902492067,,,,,,,,,,,,,,,,,,
251567797,689,76907,85218,0.902473656,,,,,,,,,,,,,,,,,,
234613568,681,66006,73164,0.902164999,,,,,,,,,,,,,,,,,,
220682263,620,81565,90412,0.902147945,,,,,,,,,,,,,,,,,,
242883338,718,69664,77298,0.901239359,,,,,,,,,,,,,,,,,,
81982193,676,75528,83820,0.901073729,,,,,,,,,,,,,,,,,,
201726702,623,82617,91690,0.901047006,,,,,,,,,,,,,,,,,,
150708361,683,76025,84434,0.900407419,,,,,,,,,,,,,,,,,,
93657150,610,66535,73919,0.900106874,,,,,,,,,,,,,,,,,,
118234894,552,70652,78515,0.899853531,,,,,,,,,,,,,,,,,,
37563265,589,86724,96518,0.8985267,,,,,,,,,,,,,,,,,,
180692900,678,82447,91855,0.897577704,,,,,,,,,,,,,,,,,,
137443048,666,82438,91979,0.896269801,,,,,,,,,,,,,,,,,,
26328068,642,92615,103413,0.895583727,,,,,,,,,,,,,,,,,,
103348908,649,75866,84726,0.895427614,,,,,,,,,,,,,,,,,,
141420292,626,79111,88435,0.894566631,,,,,,,,,,,,,,,,,,
180159667,816,75580,84502,0.8944167,,,,,,,,,,,,,,,,,,
205789025,616,77105,86288,0.893577322,,,,,,,,,,,,,,,,,,
227006064,623,80888,90563,0.893168292,,,,,,,,,,,,,,,,,,
22891403,634,70069,78483,0.89279207,,,,,,,,,,,,,,,,,,
110511196,635,82012,91923,0.8921815,,,,,,,,,,,,,,,,,,
116275390,608,82224,92335,0.890496561,,,,,,,,,,,,,,,,,,
63520611,648,67355,75665,0.890173792,,,,,,,,,,,,,,,,,,
268252648,709,83905,94261,0.890134838,,,,,,,,,,,,,,,,,,
212168641,625,82227,92380,0.890095259,,,,,,,,,,,,,,,,,,
144213326,660,80807,90798,0.889964537,,,,,,,,,,,,,,,,,,
224196199,612,62899,70694,0.889736045,,,,,,,,,,,,,,,,,,
60166802,549,79759,89686,0.889313828,,,,,,,,,,,,,,,,,,
9847886,613,81471,91644,0.88899437,,,,,,,,,,,,,,,,,,
4912235,641,74286,83824,0.886213972,,,,,,,,,,,,,,,,,,
105374425,596,74885,84917,0.881861111,,,,,,,,,,,,,,,,,,
262370086,641,77972,88553,0.880512236,,,,,,,,,,,,,,,,,,
152834668,637,81345,92391,0.8804429,,,,,,,,,,,,,,,,,,
20748971,548,71906,81752,0.87956258,,,,,,,,,,,,,,,,,,
261692619,643,65396,74408,0.878883991,,,,,,,,,,,,,,,,,,
203892481,604,80831,92004,0.878559628,,,,,,,,,,,,,,,,,,
266754808,601,79925,91039,0.877920452,,,,,,,,,,,,,,,,,,
226334214,656,60137,68519,0.877668968,,,,,,,,,,,,,,,,,,
231136313,650,76778,87503,0.877432774,,,,,,,,,,,,,,,,,,
106191024,567,68703,78360,0.876761103,,,,,,,,,,,,,,,,,,
166389555,596,73744,84122,0.876631559,,,,,,,,,,,,,,,,,,
76150115,461,84469,96376,0.876452644,,,,,,,,,,,,,,,,,,
215526937,679,74655,85271,0.875502809,,,,,,,,,,,,,,,,,,
55776992,703,67838,77506,0.87526127,,,,,,,,,,,,,,,,,,
117053744,610,72417,82827,0.874316346,,,,,,,,,,,,,,,,,,
181646992,683,80604,92198,0.874248899,,,,,,,,,,,,,,,,,,
236500501,678,74577,85424,0.873021633,,,,,,,,,,,,,,,,,,
56957907,569,77912,89249,0.872973367,,,,,,,,,,,,,,,,,,
149514686,661,74105,84894,0.872912102,,,,,,,,,,,,,,,,,,
31132288,600,74873,85965,0.870970744,,,,,,,,,,,,,,,,,,
92145452,622,62866,72288,0.869660248,,,,,,,,,,,,,,,,,,
98842376,618,67950,78134,0.869659815,,,,,,,,,,,,,,,,,,
207828911,591,84184,96804,0.869633486,,,,,,,,,,,,,,,,,,
158193199,580,72965,83907,0.869593717,,,,,,,,,,,,,,,,,,
60434454,694,55728,64092,0.869500094,,,,,,,,,,,,,,,,,,
22492982,658,64071,73717,0.869148229,,,,,,,,,,,,,,,,,,
84792546,697,68422,78730,0.86907151,,,,,,,,,,,,,,,,,,
245598862,661,75841,87575,0.86601199,,,,,,,,,,,,,,,,,,
78547689,648,70407,81318,0.865823065,,,,,,,,,,,,,,,,,,
144898323,629,81692,94354,0.865803252,,,,,,,,,,,,,,,,,,
128693925,562,74779,86388,0.86561791,,,,,,,,,,,,,,,,,,
239843883,682,71533,82729,0.864666562,,,,,,,,,,,,,,,,,,
102524553,567,72898,84312,0.864621881,,,,,,,,,,,,,,,,,,
214167862,662,80043,92674,0.863705031,,,,,,,,,,,,,,,,,,
57755451,633,77991,90398,0.862751388,,,,,,,,,,,,,,,,,,
170031096,619,85635,99287,0.862499622,,,,,,,,,,,,,,,,,,
261301871,702,77646,90100,0.861775805,,,,,,,,,,,,,,,,,,
4084425,629,72396,84011,0.861744295,,,,,,,,,,,,,,,,,,
193921301,684,74828,86838,0.861696492,,,,,,,,,,,,,,,,,,
47478552,556,71405,82931,0.86101699,,,,,,,,,,,,,,,,,,
46291448,646,75389,87618,0.860428223,,,,,,,,,,,,,,,,,,
133270685,690,57841,67260,0.859961344,,,,,,,,,,,,,,,,,,
103479156,521,78886,91800,0.859324619,,,,,,,,,,,,,,,,,,
187366008,648,84670,98548,0.859175224,,,,,,,,,,,,,,,,,,
8079510,652,67797,78931,0.858940087,,,,,,,,,,,,,,,,,,
43715953,526,109304,127319,0.858505015,,,,,,,,,,,,,,,,,,
184834465,586,85775,99957,0.858118991,,,,,,,,,,,,,,,,,,
49489541,550,93657,109143,0.858112751,,,,,,,,,,,,,,,,,,
31669430,626,77114,89877,0.857994815,,,,,,,,,,,,,,,,,,
47094785,546,80210,93515,0.85772336,,,,,,,,,,,,,,,,,,
255560193,671,80194,93550,0.857231427,,,,,,,,,,,,,,,,,,
116810076,569,61718,72010,0.857075406,,,,,,,,,,,,,,,,,,
222693238,594,78512,91629,0.856846632,,,,,,,,,,,,,,,,,,
230198001,756,58095,67869,0.85598727,,,,,,,,,,,,,,,,,,
57888525,601,66451,77660,0.855665722,,,,,,,,,,,,,,,,,,
160230489,614,73883,86513,0.85401038,,,,,,,,,,,,,,,,,,
190997039,655,82266,96465,0.852806717,,,,,,,,,,,,,,,,,,
18221863,719,77824,91321,0.85220267,,,,,,,,,,,,,,,,,,
162404350,597,76777,90206,0.851129637,,,,,,,,,,,,,,,,,,
232974026,577,79182,93336,0.848354333,,,,,,,,,,,,,,,,,,
141812046,594,77442,91294,0.848270423,,,,,,,,,,,,,,,,,,
79848824,665,67856,80111,0.847024753,,,,,,,,,,,,,,,,,,
57205903,526,82230,97101,0.846850187,,,,,,,,,,,,,,,,,,
78686065,649,72258,85364,0.846469238,,,,,,,,,,,,,,,,,,
235707769,566,79748,94326,0.845450883,,,,,,,,,,,,,,,,,,
190176864,579,78315,92643,0.845341796,,,,,,,,,,,,,,,,,,
104295939,536,77190,91331,0.845167577,,,,,,,,,,,,,,,,,,
6228771,562,74296,87928,0.844964062,,,,,,,,,,,,,,,,,,
225650585,561,73536,87033,0.844920892,,,,,,,,,,,,,,,,,,
132026175,520,61299,72569,0.844699527,,,,,,,,,,,,,,,,,,
23294192,684,70460,83418,0.844661824,,,,,,,,,,,,,,,,,,
66596689,576,82398,97593,0.844302358,,,,,,,,,,,,,,,,,,
87565475,532,66067,78282,0.843961575,,,,,,,,,,,,,,,,,,
236635175,634,79421,94214,0.842985119,,,,,,,,,,,,,,,,,,
124843880,675,68902,81810,0.842219778,,,,,,,,,,,,,,,,,,
61367510,556,81540,96817,0.842207464,,,,,,,,,,,,,,,,,,
221774680,721,67047,79635,0.8419288,,,,,,,,,,,,,,,,,,
259187012,542,67321,79984,0.841680836,,,,,,,,,,,,,,,,,,
198919797,579,79037,93945,0.841311406,,,,,,,,,,,,,,,,,,
160363288,650,71598,85116,0.841181446,,,,,,,,,,,,,,,,,,
134410926,579,81000,96309,0.841042893,,,,,,,,,,,,,,,,,,
158464600,565,76511,90979,0.840974291,,,,,,,,,,,,,,,,,,
255439726,715,69742,83042,0.839840081,,,,,,,,,,,,,,,,,,
104437389,582,76007,90511,0.839754284,,,,,,,,,,,,,,,,,,
118356776,594,78256,93200,0.839656652,,,,,,,,,,,,,,,,,,
120252785,486,75241,89613,0.839621483,,,,,,,,,,,,,,,,,,
45749933,519,80197,95605,0.838836881,,,,,,,,,,,,,,,,,,
36199891,539,84328,100608,0.838183842,,,,,,,,,,,,,,,,,,
245206685,630,71454,85256,0.838111101,,,,,,,,,,,,,,,,,,
38360802,598,67845,81011,0.837478861,,,,,,,,,,,,,,,,,,
149646665,618,71239,85084,0.837278454,,,,,,,,,,,,,,,,,,
68483594,899,69049,82501,0.836947431,,,,,,,,,,,,,,,,,,
78301055,709,72375,86502,0.836685857,,,,,,,,,,,,,,,,,,
251003713,569,70387,84147,0.836476642,,,,,,,,,,,,,,,,,,
134804214,649,76706,91735,0.836169401,,,,,,,,,,,,,,,,,,
97489112,693,64150,76804,0.835242956,,,,,,,,,,,,,,,,,,
31922924,684,66176,79252,0.835007318,,,,,,,,,,,,,,,,,,
38634235,554,83964,100562,0.834947595,,,,,,,,,,,,,,,,,,
34324000,600,71139,85399,0.833019122,,,,,,,,,,,,,,,,,,
148005710,587,83313,100018,0.832980064,,,,,,,,,,,,,,,,,,
90130742,589,60405,72587,0.832173805,,,,,,,,,,,,,,,,,,
69528359,597,81141,97510,0.832130038,,,,,,,,,,,,,,,,,,
2488711,555,82719,99423,0.831990586,,,,,,,,,,,,,,,,,,
28383381,574,76888,92496,0.831257568,,,,,,,,,,,,,,,,,,
112123147,484,84639,101936,0.8303151,,,,,,,,,,,,,,,,,,
180817702,703,75267,90659,0.830220938,,,,,,,,,,,,,,,,,,
191815032,611,78761,94887,0.830050481,,,,,,,,,,,,,,,,,,
223508273,565,62442,75349,0.828703765,,,,,,,,,,,,,,,,,,
249933327,574,79625,96111,0.828469166,,,,,,,,,,,,,,,,,,
232570183,557,62807,75987,0.826549278,,,,,,,,,,,,,,,,,,
227941190,558,70264,85076,0.825896845,,,,,,,,,,,,,,,,,,
176441100,511,85911,104026,0.825860842,,,,,,,,,,,,,,,,,,
116931286,536,68981,83678,0.824362437,,,,,,,,,,,,,,,,,,
42334886,647,74622,90622,0.823442431,,,,,,,,,,,,,,,,,,
189891390,536,96846,117640,0.823240394,,,,,,,,,,,,,,,,,,
154980636,536,88581,107654,0.82283055,,,,,,,,,,,,,,,,,,
48019314,545,64768,78866,0.821241092,,,,,,,,,,,,,,,,,,
144486117,511,95388,116227,0.820704311,,,,,,,,,,,,,,,,,,
202128635,547,76808,93608,0.82052816,,,,,,,,,,,,,,,,,,
229928928,599,66433,80994,0.820221251,,,,,,,,,,,,,,,,,,
229404292,567,71049,86645,0.820001154,,,,,,,,,,,,,,,,,,
149224544,587,82897,101142,0.819610053,,,,,,,,,,,,,,,,,,
253170419,529,83099,101393,0.819573343,,,,,,,,,,,,,,,,,,
210090683,613,81517,99693,0.817680278,,,,,,,,,,,,,,,,,,
209289246,660,64841,79460,0.816020639,,,,,,,,,,,,,,,,,,
137851460,685,78552,96267,0.815980554,,,,,,,,,,,,,,,,,,
193157283,614,81605,100079,0.815405829,,,,,,,,,,,,,,,,,,
120776103,591,53910,66119,0.815348085,,,,,,,,,,,,,,,,,,
261812539,605,74442,91398,0.814481717,,,,,,,,,,,,,,,,,,
12950814,572,69505,85355,0.814304962,,,,,,,,,,,,,,,,,,
62022737,559,84660,104006,0.8139915,,,,,,,,,,,,,,,,,,
71148128,588,71806,88294,0.813260244,,,,,,,,,,,,,,,,,,
228474509,560,66759,82141,0.812736636,,,,,,,,,,,,,,,,,,
224589441,497,76084,93694,0.81204773,,,,,,,,,,,,,,,,,,
122119533,628,63930,78735,0.811964184,,,,,,,,,,,,,,,,,,
244812363,624,64756,79761,0.811875478,,,,,,,,,,,,,,,,,,
21559483,649,66267,81740,0.810704673,,,,,,,,,,,,,,,,,,
210867849,548,80376,99241,0.809907196,,,,,,,,,,,,,,,,,,
258498221,589,74327,91844,0.809274422,,,,,,,,,,,,,,,,,,
83743806,639,62815,77644,0.809012931,,,,,,,,,,,,,,,,,,
25663707,657,64780,80128,0.80845647,,,,,,,,,,,,,,,,,,
42757180,592,82898,102617,0.807838857,,,,,,,,,,,,,,,,,,
78428230,535,95188,117903,0.807341628,,,,,,,,,,,,,,,,,,
252103473,612,78423,97361,0.805486797,,,,,,,,,,,,,,,,,,
54827959,515,71286,88518,0.80532773,,,,,,,,,,,,,,,,,,
127345184,540,67334,83686,0.80460292,,,,,,,,,,,,,,,,,,
68069322,558,81009,100686,0.804570645,,,,,,,,,,,,,,,,,,
195794056,545,76701,95522,0.802966856,,,,,,,,,,,,,,,,,,
53505411,527,83971,104649,0.802406139,,,,,,,,,,,,,,,,,,
253978093,528,79128,98662,0.802010906,,,,,,,,,,,,,,,,,,
265952017,631,71618,89394,0.801149965,,,,,,,,,,,,,,,,,,
195660402,490,92733,115761,0.8010729,,,,,,,,,,,,,,,,,,
41775413,537,69595,86893,0.800927578,,,,,,,,,,,,,,,,,,
105775177,589,68667,85806,0.800258723,,,,,,,,,,,,,,,,,,
264764958,560,73073,91315,0.800229973,,,,,,,,,,,,,,,,,,
194045544,495,89596,112032,0.79973579,,,,,,,,,,,,,,,,,,
49887936,495,85585,107218,0.798233506,,,,,,,,,,,,,,,,,,
161318146,546,90101,112949,0.797714013,,,,,,,,,,,,,,,,,,
136196332,535,70576,88516,0.797324777,,,,,,,,,,,,,,,,,,
210219135,546,73114,91945,0.795192778,,,,,,,,,,,,,,,,,,
16212584,478,77033,96879,0.795146523,,,,,,,,,,,,,,,,,,
81183896,558,58536,73619,0.795120825,,,,,,,,,,,,,,,,,,
147184156,531,81514,102577,0.794661571,,,,,,,,,,,,,,,,,,
177135299,605,75820,95500,0.793926702,,,,,,,,,,,,,,,,,,
116548462,504,72748,91659,0.793680926,,,,,,,,,,,,,,,,,,
234757252,567,62453,78745,0.793104324,,,,,,,,,,,,,,,,,,
61502498,420,75002,94862,0.79064325,,,,,,,,,,,,,,,,,,
21160157,576,73607,93109,0.790546564,,,,,,,,,,,,,,,,,,
266218125,559,68465,86609,0.79050676,,,,,,,,,,,,,,,,,,
165026865,616,68370,86498,0.7904229,,,,,,,,,,,,,,,,,,
183523467,463,90767,114908,0.789910189,,,,,,,,,,,,,,,,,,
84280425,654,61780,78292,0.789097226,,,,,,,,,,,,,,,,,,
188288301,663,69558,88225,0.788415982,,,,,,,,,,,,,,,,,,
262099144,532,72804,92362,0.788246248,,,,,,,,,,,,,,,,,,
146645366,525,88455,112439,0.786693229,,,,,,,,,,,,,,,,,,
254765294,533,69766,88742,0.78616664,,,,,,,,,,,,,,,,,,
131494760,427,71654,91431,0.783694808,,,,,,,,,,,,,,,,,,
121860472,594,65243,83304,0.783191683,,,,,,,,,,,,,,,,,,
101727056,489,88382,112885,0.782938389,,,,,,,,,,,,,,,,,,
154848169,627,74739,95495,0.782648306,,,,,,,,,,,,,,,,,,
98438737,565,46980,60069,0.782100584,,,,,,,,,,,,,,,,,,
183101791,612,75374,96514,0.78096442,,,,,,,,,,,,,,,,,,
95244255,478,70835,90737,0.780662795,,,,,,,,,,,,,,,,,,
240900211,547,62478,80106,0.779941577,,,,,,,,,,,,,,,,,,
140897426,560,75841,97319,0.779303117,,,,,,,,,,,,,,,,,,
138781579,464,79994,102660,0.779212936,,,,,,,,,,,,,,,,,,
95379600,528,56400,72420,0.778790389,,,,,,,,,,,,,,,,,,
77493327,560,46860,60182,0.778638131,,,,,,,,,,,,,,,,,,
28247766,580,70078,90002,0.778627142,,,,,,,,,,,,,,,,,,
7554731,540,72436,93067,0.778320995,,,,,,,,,,,,,,,,,,
127070781,515,70223,90245,0.778137293,,,,,,,,,,,,,,,,,,
246936830,480,85938,110468,0.777944744,,,,,,,,,,,,,,,,,,
160625366,496,75384,96954,0.777523362,,,,,,,,,,,,,,,,,,
127888630,388,78083,100493,0.776999393,,,,,,,,,,,,,,,,,,
167069187,560,82081,105790,0.77588619,,,,,,,,,,,,,,,,,,
47616281,471,74218,95691,0.775600631,,,,,,,,,,,,,,,,,,
127489367,552,87947,113436,0.77530061,,,,,,,,,,,,,,,,,,
77108558,446,80021,103312,0.774556683,,,,,,,,,,,,,,,,,,
95907442,478,62322,80568,0.773532916,,,,,,,,,,,,,,,,,,
103760130,510,69561,89942,0.773398412,,,,,,,,,,,,,,,,,,
241039146,565,52896,68616,0.770898916,,,,,,,,,,,,,,,,,,
34180621,527,77976,101152,0.770879469,,,,,,,,,,,,,,,,,,
157524337,529,75368,97829,0.770405503,,,,,,,,,,,,,,,,,,
137164151,542,83879,108975,0.769708649,,,,,,,,,,,,,,,,,,
16474496,522,69128,89837,0.769482507,,,,,,,,,,,,,,,,,,
218380978,537,73028,94935,0.769242113,,,,,,,,,,,,,,,,,,
108899187,470,82855,108032,0.766948682,,,,,,,,,,,,,,,,,,
85056191,561,48456,63249,0.766114879,,,,,,,,,,,,,,,,,,
249791824,526,76305,99674,0.765545679,,,,,,,,,,,,,,,,,,
190040166,538,74580,97458,0.765252724,,,,,,,,,,,,,,,,,,
90402934,582,64216,83918,0.765223194,,,,,,,,,,,,,,,,,,
238756451,626,74256,97062,0.765036781,,,,,,,,,,,,,,,,,,
30224257,455,71704,93831,0.764182413,,,,,,,,,,,,,,,,,,
85740081,467,66899,87557,0.764062268,,,,,,,,,,,,,,,,,,
196757718,550,82091,107541,0.763346073,,,,,,,,,,,,,,,,,,
255038213,492,79621,104314,0.763282014,,,,,,,,,,,,,,,,,,
150310467,551,74977,98327,0.762527078,,,,,,,,,,,,,,,,,,
56157200,540,62573,82111,0.762053805,,,,,,,,,,,,,,,,,,
185781764,531,72517,95214,0.76162119,,,,,,,,,,,,,,,,,,
240616459,465,69816,91811,0.760431757,,,,,,,,,,,,,,,,,,
114143402,487,85925,113055,0.760028305,,,,,,,,,,,,,,,,,,
80910011,488,75966,99956,0.759994398,,,,,,,,,,,,,,,,,,
105490961,449,65848,86657,0.75986937,,,,,,,,,,,,,,,,,,
188567210,608,60501,79682,0.759280641,,,,,,,,,,,,,,,,,,
11757246,579,66493,87691,0.758264816,,,,,,,,,,,,,,,,,,
38090820,554,75186,99188,0.758015082,,,,,,,,,,,,,,,,,,
170151623,415,90857,120047,0.756845236,,,,,,,,,,,,,,,,,,
121458830,456,75221,99631,0.754995935,,,,,,,,,,,,,,,,,,
248978722,507,59630,79001,0.754800572,,,,,,,,,,,,,,,,,,
189086872,502,76336,101234,0.754054962,,,,,,,,,,,,,,,,,,
202261023,497,65281,86584,0.753961471,,,,,,,,,,,,,,,,,,
226863440,538,72158,95782,0.753356581,,,,,,,,,,,,,,,,,,
65251998,506,72678,96518,0.752999441,,,,,,,,,,,,,,,,,,
254369569,533,64747,86038,0.752539576,,,,,,,,,,,,,,,,,,
133997095,428,67794,90239,0.751271623,,,,,,,,,,,,,,,,,,
203063968,527,84254,112227,0.750746255,,,,,,,,,,,,,,,,,,
179060008,426,88964,118561,0.750364791,,,,,,,,,,,,,,,,,,
139330784,476,79362,105778,0.750269432,,,,,,,,,,,,,,,,,,
188435897,620,72426,96551,0.750132055,,,,,,,,,,,,,,,,,,
3411669,535,74516,99561,0.748445677,,,,,,,,,,,,,,,,,,
265156098,463,69328,92667,0.748141194,,,,,,,,,,,,,,,,,,
121992066,613,63509,84992,0.747235034,,,,,,,,,,,,,,,,,,
186420052,473,77596,103855,0.747157094,,,,,,,,,,,,,,,,,,
182831492,636,76989,103114,0.746639642,,,,,,,,,,,,,,,,,,
74820141,467,79840,107127,0.745283635,,,,,,,,,,,,,,,,,,
167600385,535,80311,107950,0.743964799,,,,,,,,,,,,,,,,,,
258903914,480,62708,84428,0.742739376,,,,,,,,,,,,,,,,,,
226744446,442,74374,100457,0.74035657,,,,,,,,,,,,,,,,,,
7280333,563,62586,84614,0.739664831,,,,,,,,,,,,,,,,,,
85878375,542,45660,61741,0.739540986,,,,,,,,,,,,,,,,,,
127633505,636,45251,61383,0.737191079,,,,,,,,,,,,,,,,,,
123212559,546,54724,74377,0.735765089,,,,,,,,,,,,,,,,,,
243424559,408,86487,117767,0.734390789,,,,,,,,,,,,,,,,,,
148156153,403,84113,114603,0.733951118,,,,,,,,,,,,,,,,,,
56825614,539,66970,91325,0.733315083,,,,,,,,,,,,,,,,,,
187906825,496,77227,105580,0.731454821,,,,,,,,,,,,,,,,,,
82802145,415,71887,98341,0.730997244,,,,,,,,,,,,,,,,,,
30877266,539,56742,77829,0.729059862,,,,,,,,,,,,,,,,,,
263452078,525,71974,98735,0.728961361,,,,,,,,,,,,,,,,,,
47881224,433,69877,96106,0.727082596,,,,,,,,,,,,,,,,,,
115893245,499,70430,96988,0.72617231,,,,,,,,,,,,,,,,,,
70323735,567,64306,88660,0.725310174,,,,,,,,,,,,,,,,,,
144624890,437,77792,107289,0.725069672,,,,,,,,,,,,,,,,,,
132458104,582,63234,87215,0.725035831,,,,,,,,,,,,,,,,,,
47752336,306,96893,133641,0.725024506,,,,,,,,,,,,,,,,,,
132859842,542,57433,79238,0.724816376,,,,,,,,,,,,,,,,,,
200524691,632,69836,96663,0.722468783,,,,,,,,,,,,,,,,,,
19965517,454,82388,114296,0.720830125,,,,,,,,,,,,,,,,,,
102262914,486,64392,89476,0.719656668,,,,,,,,,,,,,,,,,,
178494645,423,85133,118527,0.718258287,,,,,,,,,,,,,,,,,,
255688768,598,61717,85999,0.71764788,,,,,,,,,,,,,,,,,,
229532000,441,71403,99689,0.716257561,,,,,,,,,,,,,,,,,,
227671895,541,58296,81654,0.713939305,,,,,,,,,,,,,,,,,,
217584769,543,64833,90885,0.713352038,,,,,,,,,,,,,,,,,,
101479215,431,71190,100016,0.711786114,,,,,,,,,,,,,,,,,,
172925444,431,82776,116379,0.711262341,,,,,,,,,,,,,,,,,,
6622790,588,63807,89775,0.710743525,,,,,,,,,,,,,,,,,,
99120072,632,46191,65098,0.70956097,,,,,,,,,,,,,,,,,,
145303383,396,74999,105698,0.70955931,,,,,,,,,,,,,,,,,,
65778306,564,65193,91947,0.709028027,,,,,,,,,,,,,,,,,,
157666525,541,71469,100840,0.708736612,,,,,,,,,,,,,,,,,,
87446480,418,65742,92961,0.707199793,,,,,,,,,,,,,,,,,,
113493432,487,67609,95734,0.706217227,,,,,,,,,,,,,,,,,,
187767397,427,82156,116418,0.705698432,,,,,,,,,,,,,,,,,,
140755274,368,82309,116693,0.705346508,,,,,,,,,,,,,,,,,,
140124977,480,70333,99829,0.704534754,,,,,,,,,,,,,,,,,,
32346202,466,71990,102313,0.70362515,,,,,,,,,,,,,,,,,,
106739918,410,74487,105932,0.70315863,,,,,,,,,,,,,,,,,,
213258892,419,78860,112235,0.702632869,,,,,,,,,,,,,,,,,,
82111060,548,66007,94025,0.702015421,,,,,,,,,,,,,,,,,,
266091776,528,66598,94904,0.701740706,,,,,,,,,,,,,,,,,,
265284897,480,62264,88761,0.701479253,,,,,,,,,,,,,,,,,,
229138935,524,67761,96639,0.701176544,,,,,,,,,,,,,,,,,,
202404464,473,67194,95843,0.701084065,,,,,,,,,,,,,,,,,,
255308444,418,69284,98922,0.700390206,,,,,,,,,,,,,,,,,,
151373602,376,81936,117006,0.700271781,,,,,,,,,,,,,,,,,,
176316702,409,81424,116418,0.699410744,,,,,,,,,,,,,,,,,,
51234081,489,74029,105858,0.699323622,,,,,,,,,,,,,,,,,,
261567468,376,70862,101367,0.699063798,,,,,,,,,,,,,,,,,,
221387222,552,66832,95636,0.698816345,,,,,,,,,,,,,,,,,,
117963324,600,59055,84582,0.698198198,,,,,,,,,,,,,,,,,,
180569807,367,84288,120754,0.698014144,,,,,,,,,,,,,,,,,,
53253881,356,71904,103020,0.697961561,,,,,,,,,,,,,,,,,,
43854386,353,75331,108001,0.697502801,,,,,,,,,,,,,,,,,,
236374026,400,68151,97758,0.697139876,,,,,,,,,,,,,,,,,,
12023075,385,84331,120978,0.697077155,,,,,,,,,,,,,,,,,,
138644813,387,80723,116054,0.695564134,,,,,,,,,,,,,,,,,,
88240643,591,60310,86946,0.693648932,,,,,,,,,,,,,,,,,,
66859157,453,70855,102398,0.691956874,,,,,,,,,,,,,,,,,,
206345872,452,65230,94343,0.691413247,,,,,,,,,,,,,,,,,,
257299245,431,63086,91271,0.691194355,,,,,,,,,,,,,,,,,,
17012539,413,72514,104921,0.691129516,,,,,,,,,,,,,,,,,,
76981961,578,62663,90691,0.69095059,,,,,,,,,,,,,,,,,,
91610650,493,61023,88590,0.688824924,,,,,,,,,,,,,,,,,,
19152527,387,77654,112746,0.688751707,,,,,,,,,,,,,,,,,,
170708814,477,73607,107059,0.687536779,,,,,,,,,,,,,,,,,,
13605079,578,46419,67632,0.6863467,,,,,,,,,,,,,,,,,,
16071209,428,71326,103944,0.686196413,,,,,,,,,,,,,,,,,,
50718994,334,86480,126237,0.68506064,,,,,,,,,,,,,,,,,,
65645307,429,68358,99839,0.684682339,,,,,,,,,,,,,,,,,,
14984868,448,73513,107441,0.684217384,,,,,,,,,,,,,,,,,,
68213887,694,67847,99284,0.683362878,,,,,,,,,,,,,,,,,,
145974376,320,87044,127437,0.683035539,,,,,,,,,,,,,,,,,,
99670304,395,59305,86908,0.682388273,,,,,,,,,,,,,,,,,,
15259749,388,90459,132934,0.680480539,,,,,,,,,,,,,,,,,,
111860748,358,81762,120158,0.680454069,,,,,,,,,,,,,,,,,,
94694071,478,66216,97314,0.680436525,,,,,,,,,,,,,,,,,,
177950059,349,87453,128741,0.679294087,,,,,,,,,,,,,,,,,,
11366931,342,83042,122278,0.679124618,,,,,,,,,,,,,,,,,,
187640747,531,64159,94479,0.679082124,,,,,,,,,,,,,,,,,,
15668695,355,70277,103798,0.677055435,,,,,,,,,,,,,,,,,,
46688980,427,77577,114593,0.676978524,,,,,,,,,,,,,,,,,,
207148564,486,59304,87626,0.676785429,,,,,,,,,,,,,,,,,,
7941859,406,73439,108749,0.675307359,,,,,,,,,,,,,,,,,,
130700832,463,59613,88318,0.674981318,,,,,,,,,,,,,,,,,,
230066937,411,59551,88273,0.674623044,,,,,,,,,,,,,,,,,,
7140563,423,69430,103514,0.670730529,,,,,,,,,,,,,,,,,,
50590240,432,73718,110099,0.669561031,,,,,,,,,,,,,,,,,,
56430795,442,61551,91961,0.669316341,,,,,,,,,,,,,,,,,,
129765555,433,66009,98651,0.66911638,,,,,,,,,,,,,,,,,,
245992318,404,75013,112137,0.668940671,,,,,,,,,,,,,,,,,,
52820012,434,78757,117844,0.668315739,,,,,,,,,,,,,,,,,,
232442939,524,67946,101705,0.668069416,,,,,,,,,,,,,,,,,,
25916704,244,91940,137712,0.667625189,,,,,,,,,,,,,,,,,,
232045222,622,53572,80475,0.665697422,,,,,,,,,,,,,,,,,,
33805631,368,82205,123803,0.663998449,,,,,,,,,,,,,,,,,,
149106177,310,81856,123348,0.663618381,,,,,,,,,,,,,,,,,,
229798991,299,78625,118505,0.663474115,,,,,,,,,,,,,,,,,,
59898534,533,51736,78094,0.662483674,,,,,,,,,,,,,,,,,,
156160214,421,64404,97764,0.658770099,,,,,,,,,,,,,,,,,,
234474815,564,55641,84509,0.658403247,,,,,,,,,,,,,,,,,,
98308754,568,65165,99005,0.658199081,,,,,,,,,,,,,,,,,,
40831135,356,64799,98536,0.657617521,,,,,,,,,,,,,,,,,,
228744565,319,79143,120769,0.655325456,,,,,,,,,,,,,,,,,,
26047870,266,85476,130446,0.655259648,,,,,,,,,,,,,,,,,,
21829708,548,46692,71428,0.65369323,,,,,,,,,,,,,,,,,,
107434679,380,64599,98876,0.653333468,,,,,,,,,,,,,,,,,,
124704138,436,62129,95118,0.653178158,,,,,,,,,,,,,,,,,,
193648735,328,77987,119968,0.650065017,,,,,,,,,,,,,,,,,,
170579460,325,78170,120443,0.649020699,,,,,,,,,,,,,,,,,,
36734627,386,76870,118519,0.64858799,,,,,,,,,,,,,,,,,,
214973302,479,65134,100493,0.648144647,,,,,,,,,,,,,,,,,,
156542833,458,62163,96178,0.646332841,,,,,,,,,,,,,,,,,,
58551455,468,58918,91186,0.646129888,,,,,,,,,,,,,,,,,,
196891958,347,77844,120577,0.64559576,,,,,,,,,,,,,,,,,,
129509218,462,59647,92656,0.643746762,,,,,,,,,,,,,,,,,,
100960169,572,57853,90042,0.642511273,,,,,,,,,,,,,,,,,,
163940202,301,71972,112017,0.642509619,,,,,,,,,,,,,,,,,,
155511847,324,69380,108033,0.642211176,,,,,,,,,,,,,,,,,,
67521209,430,60819,95047,0.639883426,,,,,,,,,,,,,,,,,,
28116812,416,63959,99979,0.639724342,,,,,,,,,,,,,,,,,,
7812053,386,66900,105072,0.636706259,,,,,,,,,,,,,,,,,,
177812231,383,75024,117860,0.636551841,,,,,,,,,,,,,,,,,,
52008213,392,75287,118352,0.636127822,,,,,,,,,,,,,,,,,,
117323011,313,67074,105529,0.635597798,,,,,,,,,,,,,,,,,,
184197991,350,74960,118208,0.634136437,,,,,,,,,,,,,,,,,,
79590740,281,70526,111772,0.630980925,,,,,,,,,,,,,,,,,,
220411613,309,71435,113245,0.630800477,,,,,,,,,,,,,,,,,,
185378428,302,73029,115986,0.629636335,,,,,,,,,,,,,,,,,,
235974414,244,80686,128192,0.629415252,,,,,,,,,,,,,,,,,,
219057746,425,56145,89323,0.628561513,,,,,,,,,,,,,,,,,,
99243690,517,55718,88644,0.628559181,,,,,,,,,,,,,,,,,,
70722339,337,67794,108350,0.625694509,,,,,,,,,,,,,,,,,,
131364947,368,53737,85919,0.625437912,,,,,,,,,,,,,,,,,,
267303041,311,70238,112388,0.62495996,,,,,,,,,,,,,,,,,,
235843393,320,71268,114112,0.624544307,,,,,,,,,,,,,,,,,,
40152715,258,80529,128952,0.624488182,,,,,,,,,,,,,,,,,,
14570760,284,71215,114214,0.62352251,,,,,,,,,,,,,,,,,,
265828963,425,56972,91637,0.621713937,,,,,,,,,,,,,,,,,,
252625111,346,70143,112934,0.621097278,,,,,,,,,,,,,,,,,,
158739772,413,60705,97754,0.620997606,,,,,,,,,,,,,,,,,,
234222,256,75377,121447,0.620657571,,,,,,,,,,,,,,,,,,
253308535,422,56948,91765,0.62058519,,,,,,,,,,,,,,,,,,
83073150,432,61674,99521,0.619708403,,,,,,,,,,,,,,,,,,
29310205,358,59487,96027,0.619482021,,,,,,,,,,,,,,,,,,
256069435,390,63800,103006,0.619381395,,,,,,,,,,,,,,,,,,
165307099,461,46900,75747,0.619166436,,,,,,,,,,,,,,,,,,
208503672,376,69283,112241,0.617269982,,,,,,,,,,,,,,,,,,
32072679,439,63705,103326,0.616543755,,,,,,,,,,,,,,,,,,
62573805,234,78558,127904,0.614195021,,,,,,,,,,,,,,,,,,
129248774,408,59172,96812,0.611205222,,,,,,,,,,,,,,,,,,
43167332,211,80161,131255,0.61072721,,,,,,,,,,,,,,,,,,
259584354,473,53233,87387,0.609163834,,,,,,,,,,,,,,,,,,
5954235,360,68507,112525,0.608815819,,,,,,,,,,,,,,,,,,
181505060,309,69989,115043,0.608372522,,,,,,,,,,,,,,,,,,
214847144,332,64237,105691,0.607781173,,,,,,,,,,,,,,,,,,
267576600,420,51053,84099,0.607058348,,,,,,,,,,,,,,,,,,
261943628,360,68509,112863,0.607010269,,,,,,,,,,,,,,,,,,
211013709,244,74915,123795,0.605153681,,,,,,,,,,,,,,,,,,
118909137,474,56309,93098,0.604835764,,,,,,,,,,,,,,,,,,
107946176,417,58996,97747,0.603558165,,,,,,,,,,,,,,,,,,
101218474,353,65639,108942,0.602513264,,,,,,,,,,,,,,,,,,
163236154,418,68774,114178,0.602340206,,,,,,,,,,,,,,,,,,
211398884,470,44482,74125,0.600094435,,,,,,,,,,,,,,,,,,
100820028,476,60792,101386,0.599609414,,,,,,,,,,,,,,,,,,
208364113,407,55694,92907,0.599459675,,,,,,,,,,,,,,,,,,
32613908,258,70522,117732,0.599004519,,,,,,,,,,,,,,,,,,
207016653,312,68009,113541,0.598981866,,,,,,,,,,,,,,,,,,
91078774,440,60446,101197,0.597310197,,,,,,,,,,,,,,,,,,
13878727,267,67854,113726,0.596644567,,,,,,,,,,,,,,,,,,
111303900,278,77587,130286,0.595512948,,,,,,,,,,,,,,,,,,
249397623,412,58642,98570,0.594927463,,,,,,,,,,,,,,,,,,
76437865,438,46846,79255,0.591079427,,,,,,,,,,,,,,,,,,
104156901,490,55573,94082,0.590686848,,,,,,,,,,,,,,,,,,
252491996,239,67936,115322,0.589098351,,,,,,,,,,,,,,,,,,
230348153,306,70758,120329,0.588037796,,,,,,,,,,,,,,,,,,
252765847,443,55601,94677,0.587270404,,,,,,,,,,,,,,,,,,
177388254,209,73727,126025,0.585018845,,,,,,,,,,,,,,,,,,
216780927,299,66748,114573,0.582580538,,,,,,,,,,,,,,,,,,
138106213,391,69528,119675,0.58097347,,,,,,,,,,,,,,,,,,
217715387,405,59726,103142,0.579065754,,,,,,,,,,,,,,,,,,
87185951,297,52104,90004,0.578907604,,,,,,,,,,,,,,,,,,
88370103,505,53665,93105,0.576392245,,,,,,,,,,,,,,,,,,
163789571,278,66707,116362,0.573271343,,,,,,,,,,,,,,,,,,
73731668,495,54358,95036,0.571972726,,,,,,,,,,,,,,,,,,
81577988,487,47247,82728,0.571112562,,,,,,,,,,,,,,,,,,
253578595,274,75035,131642,0.569992859,,,,,,,,,,,,,,,,,,
114016637,375,64105,112483,0.569908342,,,,,,,,,,,,,,,,,,
121185138,374,57132,100324,0.569474901,,,,,,,,,,,,,,,,,,
105916159,401,57410,101066,0.568044644,,,,,,,,,,,,,,,,,,
53922432,214,66403,117099,0.567067182,,,,,,,,,,,,,,,,,,
78950289,454,60511,107497,0.562908732,,,,,,,,,,,,,,,,,,
54439259,227,62627,111289,0.56274205,,,,,,,,,,,,,,,,,,
85200619,609,50150,89220,0.562093701,,,,,,,,,,,,,,,,,,
126428801,295,61007,108749,0.560989067,,,,,,,,,,,,,,,,,,
79331563,395,55613,99271,0.56021396,,,,,,,,,,,,,,,,,,
151243785,267,67521,120687,0.559472023,,,,,,,,,,,,,,,,,,
133575710,187,55864,99937,0.558992165,,,,,,,,,,,,,,,,,,
250731093,440,55810,100143,0.557303057,,,,,,,,,,,,,,,,,,
73337106,445,39137,70237,0.557213435,,,,,,,,,,,,,,,,,,
185257957,415,50056,89898,0.556808828,,,,,,,,,,,,,,,,,,
12814555,332,64108,115228,0.55635783,,,,,,,,,,,,,,,,,,
268383367,360,56065,101066,0.554736509,,,,,,,,,,,,,,,,,,
153893903,287,65888,119175,0.552867632,,,,,,,,,,,,,,,,,,
92959576,449,53781,97491,0.551650922,,,,,,,,,,,,,,,,,,
87320546,503,39893,72583,0.549619057,,,,,,,,,,,,,,,,,,
97763413,273,57271,104552,0.54777527,,,,,,,,,,,,,,,,,,
122380346,408,51745,94633,0.546796572,,,,,,,,,,,,,,,,,,
238094110,378,55050,100678,0.546792745,,,,,,,,,,,,,,,,,,
116022049,301,64981,119203,0.545128898,,,,,,,,,,,,,,,,,,
118624104,433,58612,107524,0.545106209,,,,,,,,,,,,,,,,,,
93237132,261,51485,94472,0.544976289,,,,,,,,,,,,,,,,,,
87704768,320,58075,106948,0.543020907,,,,,,,,,,,,,,,,,,
164895401,372,58838,108543,0.542070884,,,,,,,,,,,,,,,,,,
253438329,328,63753,117717,0.541578532,,,,,,,,,,,,,,,,,,
194589327,343,61952,114970,0.538853614,,,,,,,,,,,,,,,,,,
206481072,279,61101,113503,0.538320573,,,,,,,,,,,,,,,,,,
111440420,257,68205,127004,0.53703033,,,,,,,,,,,,,,,,,,
89045960,244,50275,94518,0.531909266,,,,,,,,,,,,,,,,,,
137580071,425,42532,80490,0.528413468,,,,,,,,,,,,,,,,,,
17158974,233,69873,132346,0.527957022,,,,,,,,,,,,,,,,,,
25414276,328,54792,103954,0.527079285,,,,,,,,,,,,,,,,,,
51881043,488,42903,81599,0.525778502,,,,,,,,,,,,,,,,,,
267832504,184,57863,110164,0.525244181,,,,,,,,,,,,,,,,,,
114553914,203,60192,114792,0.524357098,,,,,,,,,,,,,,,,,,
239439275,214,62974,120353,0.523244124,,,,,,,,,,,,,,,,,,
90806053,351,54043,103613,0.521585129,,,,,,,,,,,,,,,,,,
71566924,466,50530,97298,0.51933236,,,,,,,,,,,,,,,,,,
86137383,445,52073,101119,0.514967514,,,,,,,,,,,,,,,,,,
199175537,267,55960,109067,0.513079117,,,,,,,,,,,,,,,,,,
33932084,239,68120,133235,0.511277067,,,,,,,,,,,,,,,,,,
37434038,239,61327,120499,0.508941983,,,,,,,,,,,,,,,,,,
267173529,202,56347,110855,0.508294619,,,,,,,,,,,,,,,,,,
68995677,211,58701,115588,0.507846835,,,,,,,,,,,,,,,,,,
215930116,278,53160,105205,0.505299178,,,,,,,,,,,,,,,,,,
5829974,257,57096,113433,0.503345587,,,,,,,,,,,,,,,,,,
22626521,285,47777,95213,0.501790722,,,,,,,,,,,,,,,,,,
212439598,271,58322,116521,0.500527802,,,,,,,,,,,,,,,,,,
223774222,368,38637,77343,0.499553935,,,,,,,,,,,,,,,,,,
116415011,253,55004,110168,0.499273836,,,,,,,,,,,,,,,,,,
24363265,340,56766,114365,0.496358152,,,,,,,,,,,,,,,,,,
56566455,362,45059,90814,0.496167992,,,,,,,,,,,,,,,,,,
3018779,478,40950,82955,0.493641131,,,,,,,,,,,,,,,,,,
80379086,431,37634,76382,0.492707706,,,,,,,,,,,,,,,,,,
206206624,409,38988,79873,0.488124898,,,,,,,,,,,,,,,,,,
181782061,303,51524,106058,0.485809651,,,,,,,,,,,,,,,,,,
53387883,171,53747,112749,0.476696024,,,,,,,,,,,,,,,,,,
20360683,229,47293,100037,0.472755081,,,,,,,,,,,,,,,,,,
80509242,497,35167,75319,0.46690742,,,,,,,,,,,,,,,,,,
32473130,411,39516,84686,0.466617859,,,,,,,,,,,,,,,,,,
94971429,248,52506,112574,0.466413204,,,,,,,,,,,,,,,,,,
1164995,289,46802,102160,0.458124511,,,,,,,,,,,,,,,,,,
218786788,351,36333,79359,0.45783087,,,,,,,,,,,,,,,,,,
130969670,420,36126,79019,0.457181184,,,,,,,,,,,,,,,,,,
94570191,211,58833,129264,0.455138322,,,,,,,,,,,,,,,,,,
185508916,241,49520,108827,0.455034137,,,,,,,,,,,,,,,,,,
257698602,299,50588,112523,0.449579197,,,,,,,,,,,,,,,,,,
85612602,422,38031,84995,0.44744985,,,,,,,,,,,,,,,,,,
55511598,366,36946,82764,0.446401817,,,,,,,,,,,,,,,,,,
99527058,207,42724,96016,0.444967505,,,,,,,,,,,,,,,,,,
30090841,294,50987,114835,0.444002264,,,,,,,,,,,,,,,,,,
156675470,194,40519,92291,0.439035226,,,,,,,,,,,,,,,,,,
125609707,197,48507,110629,0.438465502,,,,,,,,,,,,,,,,,,
14421783,356,42634,97561,0.436998391,,,,,,,,,,,,,,,,,,
257567404,263,47781,109418,0.436683178,,,,,,,,,,,,,,,,,,
123349203,293,49064,112546,0.435946191,,,,,,,,,,,,,,,,,,
165442838,232,51047,117107,0.435900501,,,,,,,,,,,,,,,,,,
88905952,219,46900,107994,0.434283386,,,,,,,,,,,,,,,,,,
130178265,292,49537,114210,0.4337361,,,,,,,,,,,,,,,,,,
86273347,201,52826,122533,0.431116516,,,,,,,,,,,,,,,,,,
128549064,233,36458,86967,0.419216484,,,,,,,,,,,,,,,,,,
22097581,237,37856,91564,0.413437596,,,,,,,,,,,,,,,,,,
122792227,277,46115,111963,0.411877138,,,,,,,,,,,,,,,,,,
223112209,228,43660,107160,0.407428145,,,,,,,,,,,,,,,,,,
107157632,199,50809,126038,0.403124455,,,,,,,,,,,,,,,,,,
263851633,393,34746,87359,0.397738069,,,,,,,,,,,,,,,,,,
231646819,155,41749,106518,0.391943146,,,,,,,,,,,,,,,,,,
218929369,117,48263,123298,0.391433762,,,,,,,,,,,,,,,,,,
259826924,248,44037,113150,0.389191339,,,,,,,,,,,,,,,,,,
106324231,347,31390,81414,0.385560223,,,,,,,,,,,,,,,,,,
139867431,145,43194,113086,0.381957095,,,,,,,,,,,,,,,,,,
219331130,200,45704,121818,0.37518265,,,,,,,,,,,,,,,,,,
135097561,221,36834,100073,0.368071308,,,,,,,,,,,,,,,,,,
73996314,215,41239,112812,0.365555083,,,,,,,,,,,,,,,,,,
89574179,246,42445,117370,0.361634148,,,,,,,,,,,,,,,,,,
232307432,161,41043,114350,0.358924355,,,,,,,,,,,,,,,,,,
70455109,274,33744,94652,0.356505938,,,,,,,,,,,,,,,,,,
51627377,200,38303,107668,0.355751012,,,,,,,,,,,,,,,,,,
83198803,141,42799,122067,0.350618922,,,,,,,,,,,,,,,,,,
89986239,201,40715,116161,0.350504903,,,,,,,,,,,,,,,,,,
230466185,190,37898,110583,0.342710905,,,,,,,,,,,,,,,,,,
22241287,251,28348,91181,0.310898104,,,,,,,,,,,,,,,,,,
223258390,127,32594,105333,0.309437688,,,,,,,,,,,,,,,,,,
225123176,201,33115,107149,0.309055614,,,,,,,,,,,,,,,,,,
30750925,173,30476,108330,0.281325579,,,,,,,,,,,,,,,,,,
51497608,165,29957,111464,0.26875942,,,,,,,,,,,,,,,,,,
95098926,120,28640,110175,0.259950079,,,,,,,,,,,,,,,,,,
5568869,215,22658,96327,0.235219617,,,,,,,,,,,,,,,,,,
217841887,188,24699,105788,0.233476387,,,,,,,,,,,,,,,,,,
58409623,93,24295,112017,0.216886723,,,,,,,,,,,,,,,,,,
159135084,106,23330,114473,0.203803517,,,,,,,,,,,,,,,,,,
162966195,93,21833,108054,0.202056379,,,,,,,,,,,,,,,,,,
100289190,167,21170,105364,0.200922516,,,,,,,,,,,,,,,,,,
80244934,154,21285,107839,0.197377572,,,,,,,,,,,,,,,,,,
158061175,120,22427,113983,0.196757411,,,,,,,,,,,,,,,,,,
256472166,87,21156,113396,0.186567427,,,,,,,,,,,,,,,,,,
,1130150,,,,,,,,,,,,,,,,,,,,,
